index,<OPEN>,<HIGH>,<LOW>,<CLOSE>,<VOL>
2013-04-29,1026.0,1041.5,1025.3,1041.5,815
2013-04-30,1050.0,1060.8,1050.0,1060.0,361
2013-05-03,1017.0,1025.0,1017.0,1019.0,19
2013-05-06,1015.5,1015.5,917.1,960.0,223
2013-05-07,990.0,1045.0,990.0,1045.0,215
2013-05-08,1065.0,1065.0,1065.0,1065.0,1
2013-05-13,1030.0,1030.0,1030.0,1030.0,1
2013-05-14,1030.0,1030.0,1030.0,1030.0,10
2013-05-15,1035.0,1036.0,1035.0,1036.0,2400
2013-05-16,1038.1,1038.1,1033.9,1035.0,4906
2013-05-20,1035.0,1036.0,1035.0,1036.0,5000
2013-05-21,1036.0,1038.1,1036.0,1038.1,2203
2013-05-22,1036.1,1036.1,1036.1,1036.1,2000
2013-05-23,1034.0,1048.5,1034.0,1048.5,11
2013-05-24,1046.4,1046.4,1027.0,1036.0,2241
2013-05-27,1037.0,1038.1,1037.0,1038.1,7701
2013-05-28,1038.0,1040.2,1036.0,1040.2,7752
2013-05-30,1039.0,1039.0,1039.0,1039.0,4900
2013-05-31,1040.0,1040.0,1039.0,1040.0,8800
2013-06-04,1036.0,1042.1,1036.0,1042.1,3001
2013-06-05,1041.0,1041.0,1041.0,1041.0,3200
2013-06-06,1021.0,1021.0,1021.0,1021.0,3000
2013-06-07,1020.0,1020.0,1020.0,1020.0,3010
2013-06-10,1019.0,1022.0,1016.0,1021.9,3011
2013-06-13,1019.9,1019.9,1015.0,1015.0,11
2013-06-14,1014.0,1014.0,1014.0,1014.0,20
2013-06-19,1022.0,1022.0,1022.0,1022.0,4000
2013-06-25,1007.7,1011.0,1006.3,1006.3,18
2013-06-26,1005.0,1005.0,1005.0,1005.0,9600
2013-06-27,1005.0,1007.0,1004.0,1007.0,15381
2013-06-28,1006.0,1006.0,1006.0,1006.0,10000
2013-07-02,1007.0,1007.0,1007.0,1007.0,1
2013-07-04,1007.0,1007.0,1004.9,1004.9,10
2013-07-08,1008.0,1008.0,1008.0,1008.0,5010
2013-07-16,1017.5,1017.9,1017.5,1017.9,4036
2013-07-17,1020.0,1020.0,1020.0,1020.0,5000
2013-07-23,1028.2,1028.2,1028.0,1028.0,5
2013-07-25,1029.0,1029.0,1029.0,1029.0,16800
2013-07-26,1031.1,1031.1,1031.1,1031.1,1
2013-07-29,1033.2,1033.2,1033.2,1033.2,1
2013-07-30,1033.0,1033.0,1033.0,1033.0,20000
2013-07-31,1035.0,1037.1,1035.0,1037.1,1002
2013-08-02,1035.1,1039.2,1035.1,1039.2,3
2013-08-08,1041.2,1047.5,1041.2,1047.5,10
2013-08-12,1045.4,1045.4,1045.4,1045.4,1
2013-08-14,1045.0,1045.0,1045.0,1045.0,4000
2013-08-15,1045.0,1045.0,1045.0,1045.0,5
2013-08-16,1045.0,1045.0,1045.0,1045.0,6000
2013-08-19,1045.0,1045.0,1045.0,1045.0,6000
2013-08-20,1045.0,1045.0,1045.0,1045.0,4000
2013-08-21,1044.0,1044.0,1044.0,1044.0,6000
2013-08-22,1046.1,1046.1,1046.1,1046.1,1
2013-08-23,1045.0,1045.0,1045.0,1045.0,6000
2013-08-26,1044.0,1045.0,1040.8,1045.0,8018
2013-08-27,1043.0,1043.0,1043.0,1043.0,6000
2013-08-28,1043.0,1044.0,1043.0,1044.0,6000
2013-08-29,1044.0,1044.0,1044.0,1044.0,2000
2013-09-03,1043.0,1044.0,1043.0,1044.0,8020
2013-09-04,1043.0,1043.0,1043.0,1043.0,8000
2013-09-05,1045.1,1046.0,1045.1,1046.0,8001
2013-09-06,1045.0,1046.0,1045.0,1046.0,6000
2013-09-09,1044.0,1044.0,1044.0,1044.0,8200
2013-09-10,1045.2,1045.2,1045.2,1045.2,7200
2013-09-12,1046.0,1049.4,1045.0,1045.0,5206
2013-09-13,1047.1,1051.3,1045.0,1045.0,14
2013-09-17,1047.1,1047.1,1047.1,1047.1,1
2013-09-18,1046.0,1046.0,1045.0,1045.0,201
2013-09-27,1043.0,1055.0,1043.0,1055.0,52
2013-09-30,1052.9,1052.9,1052.9,1052.9,1
2013-10-04,1000.0,1057.0,1000.0,1015.0,764
2013-10-07,1010.9,1010.9,1001.0,1001.0,13
2013-10-10,1000.1,1000.1,1000.0,1000.0,10
2013-10-11,998.0,1002.0,996.0,1002.0,74
2013-10-14,1004.0,1004.0,1004.0,1004.0,1
2013-10-15,1006.0,1008.0,1006.0,1008.0,4
2013-10-17,1010.0,1010.0,1010.0,1010.0,21
2013-10-18,1008.0,1015.0,1003.9,1011.0,15
2013-10-24,1013.0,1013.0,1013.0,1013.0,1
2013-10-25,1015.0,1021.1,1015.0,1021.1,49
2013-10-28,1019.1,1020.0,1018.0,1020.0,18006
2013-10-29,1021.0,1025.0,1020.0,1025.0,20048
2013-10-30,1016.8,1018.9,1015.0,1015.0,416
2013-10-31,1015.0,1017.0,1015.0,1017.0,13911
2013-11-01,1012.0,1012.9,1012.0,1012.9,4201
2013-11-05,1014.0,1014.0,1014.0,1014.0,6560
2013-11-06,1014.0,1014.0,1014.0,1014.0,8200
2013-11-07,1013.0,1014.0,1012.0,1012.0,6583
2013-11-08,1012.0,1012.0,1010.0,1010.0,4923
2013-11-12,1011.0,1011.0,1008.0,1008.0,4204
2013-11-13,1009.0,1011.0,1009.0,1011.0,4216
2013-11-14,1010.0,1011.0,1010.0,1011.0,4201
2013-11-15,1011.0,1012.0,1011.0,1012.0,5601
2013-11-18,1014.0,1015.0,1014.0,1015.0,9
2013-11-19,1013.0,1019.1,1013.0,1019.1,105
2013-11-20,1018.0,1018.0,1018.0,1018.0,1400
2013-11-21,1020.0,1020.0,1019.0,1019.0,15
2013-11-22,1014.9,1018.0,1014.9,1018.0,22
2013-11-27,1016.0,1021.0,1016.0,1021.0,5
2013-11-29,1021.0,1025.0,1021.0,1025.0,11
2013-12-05,1023.1,1023.1,1023.1,1023.1,1
2013-12-10,1020.0,1020.0,1020.0,1020.0,9380
2013-12-11,1017.1,1017.1,1017.0,1017.0,11197
2013-12-16,1018.0,1018.0,1018.0,1018.0,10720
2013-12-17,1018.0,1018.0,1018.0,1018.0,10800
2013-12-18,1018.0,1018.0,1018.0,1018.0,14200
2013-12-19,1016.0,1016.0,1016.0,1016.0,1
2013-12-23,1018.0,1020.1,1018.0,1020.1,3
2013-12-24,1022.1,1022.1,1022.1,1022.1,1
2013-12-26,1020.1,1020.1,1018.0,1018.0,10
2013-12-30,1001.8,1020.0,1001.8,1020.0,2
2014-01-06,1022.0,1024.1,1022.0,1024.1,3
2014-01-08,1026.1,1030.0,1026.1,1027.0,11
2014-01-10,1029.1,1029.1,1029.1,1029.1,2
2014-01-14,1030.0,1030.0,1030.0,1030.0,1
2014-01-16,1027.9,1027.9,1027.9,1027.9,3
2014-01-17,1025.8,1025.8,1021.7,1021.7,6
2014-01-23,1019.7,1019.7,1019.7,1019.7,1
2014-01-24,1021.7,1027.9,1021.7,1027.9,5
2014-01-29,1030.0,1034.1,1030.0,1034.1,5
2014-01-31,1003.2,1032.9,1003.2,1032.9,3
2014-02-03,1030.8,1030.8,1030.8,1030.8,1
2014-02-06,1032.9,1032.9,1032.9,1032.9,1
2014-02-07,1034.9,1034.9,1034.9,1034.9,1
2014-02-10,1037.0,1037.9,1037.0,1037.9,40
2014-02-12,1036.0,1036.0,1035.0,1035.0,24
2014-02-17,1025.0,1029.9,1025.0,1029.9,6
2014-02-18,1034.0,1034.0,1034.0,1034.0,30
2014-02-19,1032.0,1033.0,1031.9,1031.9,806
2014-02-20,1031.0,1031.0,987.1,1021.9,974
2014-02-21,1003.0,1019.0,1003.0,1019.0,801
2014-02-24,1004.0,1011.0,1004.0,1010.0,806
2014-02-25,1005.0,1024.0,1005.0,1023.8,816
2014-02-26,1007.0,1023.0,1007.0,1023.0,782
2014-02-27,1004.0,1004.3,1004.0,1004.3,818
2014-02-28,1003.0,1010.0,1003.0,1010.0,779
2014-03-03,1000.0,1000.0,1000.0,1000.0,1
2014-03-04,970.0,1001.0,970.0,985.0,820
2014-03-05,980.0,1007.0,980.0,1007.0,2330
2014-03-06,1000.0,1000.0,1000.0,1000.0,802
2014-03-07,1001.0,1012.5,1000.0,1000.0,863
2014-03-11,996.0,1000.5,985.0,1000.5,814
2014-03-12,981.0,987.9,980.5,980.5,3059
2014-03-13,972.0,998.9,972.0,998.9,793
2014-03-14,991.4,991.4,991.0,991.0,51
2014-03-17,960.0,975.7,960.0,975.7,1846
2014-03-18,962.0,991.8,962.0,991.8,851
2014-03-19,969.0,1000.0,969.0,1000.0,805
2014-03-20,985.0,1005.0,985.0,1005.0,7165
2014-03-21,988.0,988.5,988.0,988.5,35500
2014-03-24,1000.0,1000.0,968.8,968.8,1214
2014-03-25,972.0,972.0,972.0,972.0,795
2014-03-26,975.0,979.0,975.0,976.5,7142
2014-03-27,980.0,980.0,980.0,980.0,800
2014-03-28,983.0,995.1,983.0,983.2,3794
2014-03-31,970.0,980.0,950.1,953.7,5196
2014-04-01,939.8,955.0,939.8,950.0,4046
2014-04-02,948.0,955.5,946.1,955.5,1482
2014-04-03,946.0,955.5,946.0,955.5,785
2014-04-04,945.0,956.1,945.0,956.1,810
2014-04-07,941.0,959.5,941.0,958.5,803
2014-04-08,948.0,957.0,948.0,955.0,796
2014-04-09,948.0,958.3,948.0,957.0,800
2014-04-10,941.0,957.5,941.0,955.0,782
2014-04-11,960.0,962.0,950.0,960.0,820
2014-04-14,957.0,963.3,957.0,962.7,3299
2014-04-15,953.0,963.0,953.0,957.0,8274
2014-04-16,950.0,950.0,940.9,945.7,33796
2014-04-17,941.0,947.1,941.0,947.1,801
2014-04-18,941.0,951.3,941.0,951.3,800
2014-04-21,937.0,949.4,937.0,949.4,803
2014-04-22,941.0,948.2,940.9,940.9,33809
2014-04-23,941.0,945.3,941.0,945.3,802
2014-04-24,942.0,946.4,940.0,940.0,853
2014-04-25,940.0,941.9,929.6,929.6,819
2014-04-28,926.0,926.0,925.5,925.5,796
2014-04-29,925.0,935.9,925.0,935.9,811
2014-04-30,926.0,935.3,926.0,935.3,801
2014-05-02,926.0,926.0,926.0,926.0,784
2014-05-05,926.0,933.6,926.0,933.6,803
2014-05-06,927.0,927.0,927.0,927.0,792
2014-05-07,936.0,950.0,936.0,950.0,848
2014-05-08,938.0,938.0,938.0,938.0,784
2014-05-12,954.8,955.1,950.0,955.1,821
2014-05-13,947.0,955.0,947.0,955.0,801
2014-05-14,950.0,950.0,950.0,950.0,800
2014-05-15,952.0,952.0,952.0,952.0,780
2014-05-16,962.5,962.5,954.0,954.0,805
2014-05-19,952.0,952.0,952.0,952.0,798
2014-05-20,955.0,963.9,955.0,963.9,801
2014-05-21,956.0,956.0,956.0,956.0,800
2014-05-22,960.0,960.0,960.0,960.0,800
2014-05-23,962.0,962.0,962.0,962.0,800
2014-05-26,964.0,972.0,964.0,972.0,822
2014-05-27,968.0,972.0,968.0,972.0,958
2014-05-28,965.0,968.0,950.0,968.0,900
2014-05-29,970.0,972.5,970.0,972.5,1566
2014-05-30,974.0,978.0,974.0,974.0,1242
2014-06-02,976.0,988.0,975.2,980.0,3414
2014-06-03,980.0,988.2,980.0,988.2,908
2014-06-04,980.0,985.6,980.0,981.0,1726
2014-06-05,983.0,987.8,983.0,984.9,1341
2014-06-06,980.0,980.0,980.0,980.0,798
2014-06-10,987.0,997.4,987.0,997.4,1680
2014-06-11,985.0,995.3,985.0,995.3,944
2014-06-16,998.0,998.0,996.0,996.0,795
2014-06-17,980.0,980.0,980.0,980.0,790
2014-06-18,991.0,991.8,990.0,990.0,798
2014-06-19,996.2,996.2,994.0,994.0,1100
2014-06-20,996.7,996.7,988.0,988.0,1238
2014-06-23,996.4,996.4,990.0,990.0,1298
2014-06-24,990.0,990.0,990.0,990.0,798
2014-06-25,1000.1,1000.1,990.0,990.0,816
2014-06-26,992.0,992.0,992.0,992.0,798
2014-06-27,993.0,993.0,993.0,993.0,790
2014-06-30,995.0,995.0,995.0,995.0,800
2014-07-01,997.0,997.0,997.0,997.0,800
2014-07-02,999.0,999.0,994.0,994.0,802
2014-07-03,991.3,998.0,991.3,998.0,795
2014-07-04,995.0,1001.3,995.0,1001.3,2699
2014-07-07,1002.0,1002.0,1002.0,1002.0,800
2014-07-08,992.3,1003.0,992.3,1003.0,910
2014-07-09,1005.0,1005.0,1002.0,1002.0,852
2014-07-10,1002.0,1002.0,1000.0,1000.0,900
2014-07-11,999.0,999.0,999.0,999.0,796
2014-07-14,1000.0,1000.0,999.0,999.0,801
2014-07-15,1000.0,1006.3,998.0,998.0,51406
2014-07-16,1000.0,1000.0,1000.0,1000.0,800
2014-07-17,995.0,995.0,995.0,995.0,50
2014-07-18,1004.6,1004.6,1004.6,1004.6,46602
2014-07-21,979.0,980.7,978.7,980.7,941
2014-07-22,977.6,977.6,973.0,973.0,797
2014-07-23,982.4,982.4,982.4,982.4,1
2014-07-24,972.6,978.9,972.5,978.9,26
2014-07-25,969.5,972.0,969.5,970.0,148
2014-07-28,966.0,966.0,957.0,957.0,395
2014-07-29,952.0,953.1,944.3,948.0,1574
2014-07-30,944.5,951.7,944.5,951.7,101
2014-07-31,959.2,959.2,957.0,957.0,799
2014-08-01,953.6,953.6,952.0,953.6,802
2014-08-04,953.6,953.6,951.0,951.1,793
2014-08-05,945.2,946.0,945.1,946.0,812
2014-08-06,946.0,946.0,937.0,941.2,802
2014-08-07,937.0,937.0,933.0,934.0,868
2014-08-08,928.0,933.5,928.0,932.0,854
2014-08-11,937.8,944.0,937.8,944.0,974
2014-08-13,955.0,955.0,955.0,955.0,798
2014-08-14,961.0,961.0,961.0,961.0,800
2014-08-15,965.0,965.0,965.0,965.0,800
2014-08-18,966.0,966.0,966.0,966.0,798
2014-08-19,963.0,976.4,963.0,970.0,950
2014-08-20,968.3,975.0,968.3,974.0,1045
2014-08-21,974.0,974.0,974.0,974.0,790
2014-08-22,977.0,977.0,977.0,977.0,800
2014-08-25,980.0,980.0,978.0,978.0,791
2014-08-26,979.3,979.3,978.0,978.0,791
2014-08-27,980.0,980.0,978.0,978.0,791
2014-08-28,965.5,965.5,963.7,964.0,1135
2014-08-29,964.9,964.9,963.0,963.0,800
2014-09-01,955.3,959.1,952.0,957.0,941
2014-09-02,953.0,953.6,953.0,953.0,1043
2014-09-03,964.0,964.0,961.8,963.0,831
2014-09-04,963.6,964.1,963.6,964.1,2
2014-09-05,964.4,964.4,964.0,964.0,801
2014-09-08,967.5,967.5,965.5,965.5,1278
2014-09-09,973.2,973.2,965.1,965.1,818
2014-09-10,964.6,964.6,964.6,964.6,1
2014-09-11,979.4,979.4,965.4,965.5,803
2014-09-12,964.9,964.9,963.5,963.5,801
2014-09-15,968.0,970.1,968.0,970.1,801
2014-09-16,969.8,969.8,969.2,969.2,11
2014-09-17,963.8,968.0,963.8,968.0,830
2014-09-18,971.0,971.0,971.0,971.0,800
2014-09-19,970.0,970.0,970.0,970.0,1
2014-09-22,973.0,973.0,973.0,973.0,1500
2014-09-23,968.0,976.9,967.1,975.0,811
2014-09-24,970.4,980.0,970.4,980.0,791
2014-09-25,980.0,980.0,980.0,980.0,800
2014-09-26,971.6,977.0,971.6,977.0,806
2014-09-29,977.0,977.0,976.0,976.0,3
2014-09-30,970.0,970.0,900.1,907.9,210
2014-10-01,917.0,917.0,907.1,907.1,87
2014-10-02,898.7,898.7,891.2,898.2,9
2014-10-03,895.7,895.7,895.7,895.7,1
2014-10-06,896.6,896.6,896.6,896.6,1
2014-10-07,898.3,898.3,898.3,898.3,2
2014-10-08,899.4,899.4,899.4,899.4,1
2014-10-09,893.9,902.2,893.9,901.6,7
2014-10-10,898.8,898.8,897.3,897.3,36
2014-10-13,907.8,907.8,907.8,907.8,30
2014-10-14,904.2,904.2,898.0,898.0,702
2014-10-15,900.0,900.0,899.8,900.0,723
2014-10-16,904.5,904.5,902.0,902.0,701
2014-10-17,906.6,909.3,906.6,909.0,732
2014-10-20,909.6,909.6,908.0,908.0,822
2014-10-21,907.6,907.6,907.0,907.0,801
2014-10-22,907.0,907.0,904.0,904.0,808
2014-10-23,900.0,905.0,898.1,903.0,808
2014-10-24,899.1,903.0,899.1,903.0,755
2014-10-27,904.0,905.0,903.0,904.0,884
2014-10-28,903.1,905.0,903.0,904.0,862
2014-10-29,909.0,909.0,906.0,906.0,731
2014-10-30,904.1,909.0,904.1,909.0,57
2014-10-31,903.9,908.8,903.4,908.8,431
2014-11-03,904.0,904.0,904.0,904.0,112
2014-11-05,899.6,899.6,897.0,897.0,778
2014-11-06,895.5,895.5,883.1,883.1,1570
2014-11-07,876.8,878.0,863.0,878.0,98
2014-11-10,882.5,885.3,882.5,884.0,915
2014-11-11,884.1,884.1,877.0,880.0,814
2014-11-12,910.0,910.0,910.0,910.0,781
2014-11-13,911.5,911.5,909.0,909.0,721
2014-11-14,905.2,905.2,901.0,901.0,804
2014-11-17,899.0,899.0,895.0,895.0,913
2014-11-18,898.8,898.8,897.0,897.0,801
2014-11-19,897.3,897.3,896.0,896.0,721
2014-11-20,896.2,896.2,890.0,892.0,743
2014-11-21,897.6,898.1,897.0,898.1,778
2014-11-24,899.4,899.4,899.4,899.4,1
2014-11-25,900.0,900.0,899.0,899.0,701
2014-11-26,898.2,898.2,895.0,895.0,741
2014-11-27,896.9,897.4,896.9,897.4,6
2014-11-28,889.2,889.2,884.0,884.0,750
2014-12-01,878.0,890.0,866.0,890.0,1339
2014-12-02,878.0,878.0,852.0,852.0,117
2014-12-03,845.0,845.0,829.0,834.0,6367
2014-12-04,841.0,844.0,829.0,831.0,111
2014-12-05,822.0,823.0,813.0,819.0,137
2014-12-08,820.0,820.0,805.0,805.0,641
2014-12-09,808.0,808.0,794.0,794.0,1049
2014-12-10,795.0,795.0,779.0,779.0,556
2014-12-11,800.0,818.0,796.0,807.0,6014
2014-12-12,815.0,815.0,796.0,796.0,529
2014-12-15,797.0,797.0,760.0,760.0,863
2014-12-16,496.0,869.0,496.0,609.0,952
2014-12-17,630.0,701.0,630.0,701.0,119
2014-12-18,740.0,760.0,734.0,755.0,148
2014-12-19,750.0,778.0,750.0,778.0,40
2014-12-22,780.0,798.0,780.0,798.0,62
2014-12-23,829.0,829.0,793.0,793.0,6021
2014-12-24,829.0,829.0,794.0,795.0,220
2014-12-25,809.0,809.0,809.0,809.0,15
2014-12-26,798.0,798.0,791.0,791.0,53
2014-12-29,794.0,801.0,794.0,800.0,204
2014-12-30,804.0,804.0,796.0,799.0,80
2015-01-05,796.0,796.0,785.0,785.0,3
2015-01-06,760.0,760.0,743.0,748.0,13
2015-01-08,757.0,771.0,757.0,771.0,2
2015-01-09,776.0,776.0,771.0,772.0,9
2015-01-12,763.0,763.0,763.0,763.0,1
2015-01-13,772.0,772.0,769.0,770.0,528
2015-01-14,769.0,782.0,769.0,776.0,499
2015-01-15,790.0,794.0,787.0,794.0,147
2015-01-16,794.0,794.0,793.0,793.0,11
2015-01-19,789.0,797.0,789.0,797.0,19
2015-01-20,796.0,796.0,794.0,794.0,131
2015-01-21,795.0,796.0,789.0,789.0,57
2015-01-22,800.0,802.0,800.0,802.0,2
2015-01-23,808.0,808.0,808.0,808.0,1
2015-01-26,808.0,808.0,796.0,796.0,68
2015-01-27,793.0,793.0,783.0,789.0,795
2015-01-28,793.0,794.0,793.0,793.0,17
2015-01-29,785.0,785.0,777.0,783.0,211
2015-01-30,783.0,783.0,775.0,777.0,108
2015-02-02,767.0,790.0,701.0,790.0,220
2015-02-03,804.0,808.0,804.0,808.0,2
2015-02-04,750.0,814.0,701.0,810.0,310
2015-02-06,823.0,833.0,823.0,830.0,588
2015-02-09,825.0,832.0,825.0,832.0,27
2015-02-10,835.0,835.0,827.0,829.0,10
2015-02-11,836.0,836.0,828.0,828.0,151
2015-02-12,825.0,844.0,825.0,844.0,181
2015-02-13,835.0,843.0,835.0,843.0,24
2015-02-16,853.0,853.0,848.0,853.0,76
2015-02-17,854.0,856.0,854.0,856.0,15
2015-02-18,857.0,861.0,857.0,860.0,429
2015-02-19,855.0,860.0,855.0,860.0,3
2015-02-20,861.0,861.0,860.0,860.0,191
2015-02-24,850.0,850.0,842.0,842.0,221
2015-02-25,850.0,850.0,842.0,849.0,203
2015-02-26,852.0,853.0,845.0,845.0,64
2015-02-27,853.0,853.0,853.0,853.0,2
2015-03-02,895.0,895.0,848.0,848.0,129
2015-03-04,860.0,860.0,860.0,860.0,1
2015-03-05,864.0,864.0,855.0,855.0,9
2015-03-06,863.0,866.0,863.0,866.0,67
2015-03-10,859.0,859.0,859.0,859.0,1
2015-03-11,877.0,877.0,875.0,875.0,25
2015-03-12,870.0,873.0,870.0,873.0,141
2015-03-13,873.0,873.0,863.0,863.0,903
2015-03-16,871.0,871.0,869.0,869.0,113
2015-03-17,869.0,869.0,861.0,861.0,25
2015-03-18,868.0,868.0,860.0,860.0,491
2015-03-19,872.0,872.0,867.0,867.0,3
2015-03-20,872.0,880.0,872.0,880.0,36
2015-03-23,875.0,877.0,875.0,877.0,408
2015-03-24,889.0,889.0,883.0,883.0,7010
2015-03-25,882.0,892.0,882.0,890.0,453
2015-03-26,887.0,896.0,887.0,896.0,613
2015-03-27,896.0,896.0,887.0,887.0,261
2015-03-30,897.0,897.0,890.0,895.0,12
2015-03-31,885.0,893.0,885.0,886.0,9
2015-04-01,889.0,897.0,889.0,897.0,3
2015-04-02,900.0,903.0,900.0,903.0,52
2015-04-03,904.0,906.0,904.0,906.0,117
2015-04-06,906.0,950.0,900.0,905.0,249
2015-04-07,903.0,904.0,903.0,904.0,520
2015-04-08,904.0,905.0,904.0,905.0,176
2015-04-09,898.0,899.0,893.0,893.0,22
2015-04-10,887.0,887.0,887.0,887.0,10
2015-04-13,882.0,882.0,882.0,882.0,23
2015-04-14,915.0,915.0,906.0,915.0,259
2015-04-15,912.0,912.0,912.0,912.0,4
2015-04-16,912.0,912.0,906.0,906.0,8
2015-04-17,916.0,916.0,908.0,908.0,58
2015-04-20,910.0,910.0,909.0,909.0,15
2015-04-21,910.0,910.0,901.0,901.0,8
2015-04-22,907.0,907.0,907.0,907.0,1
2015-04-24,919.0,921.0,919.0,921.0,9
2015-04-27,924.0,924.0,924.0,924.0,2
2015-04-28,917.0,924.0,917.0,924.0,177
2015-04-30,932.0,932.0,932.0,932.0,500
2015-05-05,930.0,930.0,923.0,923.0,53
2015-05-06,930.0,930.0,930.0,930.0,4
2015-05-07,930.0,935.0,930.0,935.0,63
2015-05-08,930.0,939.0,930.0,939.0,202
2015-05-12,942.0,943.0,942.0,943.0,8
2015-05-13,945.0,945.0,945.0,945.0,6
2015-05-14,940.0,940.0,940.0,940.0,3
2015-05-15,945.0,958.0,945.0,953.0,34
2015-05-18,963.0,963.0,963.0,963.0,3
2015-05-19,960.0,960.0,960.0,960.0,42
2015-05-20,958.0,958.0,952.0,952.0,6
2015-05-21,961.0,961.0,961.0,961.0,6
2015-05-22,962.0,962.0,961.0,961.0,41
2015-05-25,979.0,979.0,956.0,956.0,51
2015-05-26,960.0,960.0,960.0,960.0,3
2015-05-27,953.0,959.0,951.0,951.0,388
2015-05-28,959.0,961.0,953.0,953.0,668
2015-06-01,954.0,954.0,950.0,950.0,75
2015-06-02,953.0,953.0,953.0,953.0,31
2015-06-03,956.0,956.0,949.0,949.0,2
2015-06-04,947.0,950.0,942.0,944.0,301
2015-06-05,944.0,944.0,931.0,935.0,796
2015-06-08,935.0,935.0,935.0,935.0,2
2015-06-09,945.0,947.0,945.0,947.0,29
2015-06-10,956.0,956.0,952.0,952.0,42
2015-06-11,963.0,963.0,963.0,963.0,6
2015-06-15,971.0,971.0,968.0,968.0,2
2015-06-16,965.0,965.0,965.0,965.0,3
2015-06-17,966.0,967.0,966.0,967.0,6
2015-06-18,969.0,969.0,966.0,969.0,11
2015-06-23,967.0,969.0,967.0,969.0,4
2015-06-24,978.0,978.0,978.0,978.0,3
2015-06-25,980.0,980.0,973.0,973.0,14
2015-06-26,980.0,982.0,979.0,982.0,17
2015-06-29,981.0,981.0,971.0,979.0,216
2015-07-01,980.0,980.0,973.0,973.0,45
2015-07-02,981.0,984.0,981.0,984.0,129
2015-07-03,976.0,976.0,976.0,976.0,25
2015-07-06,974.0,974.0,973.0,974.0,123
2015-07-07,974.0,974.0,972.0,972.0,106
2015-07-09,975.0,976.0,975.0,975.0,68
2015-07-13,976.0,976.0,975.0,975.0,1040
2015-07-14,974.0,979.0,971.0,979.0,17
2015-07-15,981.0,981.0,981.0,981.0,1
2015-07-16,982.0,982.0,975.0,977.0,108
2015-07-20,984.0,993.0,983.0,993.0,11
2015-07-21,992.0,992.0,985.0,985.0,1001
2015-07-22,994.0,994.0,994.0,994.0,3
2015-07-23,994.0,995.0,994.0,995.0,193
2015-07-24,989.0,989.0,989.0,989.0,5
2015-07-27,988.0,992.0,986.0,992.0,101
2015-07-28,987.0,987.0,982.0,982.0,946
2015-07-31,987.0,989.0,986.0,986.0,1003
2015-08-03,985.0,989.0,984.0,986.0,104
2015-08-04,990.0,991.0,990.0,990.0,11
2015-08-05,988.0,989.0,980.0,988.0,1433
2015-08-06,984.0,984.0,982.0,982.0,17
2015-08-07,980.0,983.0,980.0,982.0,22
2015-08-10,985.0,990.0,985.0,990.0,44
2015-08-11,986.0,986.0,981.0,981.0,42
2015-08-12,1000.0,1052.0,1000.0,1052.0,260
2015-08-13,989.0,989.0,985.0,986.0,277
2015-08-14,1003.0,1011.0,1003.0,1011.0,26
2015-08-17,1010.0,1010.0,1010.0,1010.0,31
2015-08-18,1001.0,1008.0,998.0,998.0,8
2015-08-19,998.0,998.0,997.0,997.0,22
2015-08-20,996.0,996.0,993.0,993.0,27
2015-08-21,992.0,992.0,982.0,982.0,41
2015-08-24,982.0,982.0,974.0,976.0,435
2015-08-25,979.0,983.0,979.0,983.0,9
2015-08-27,990.0,994.0,990.0,994.0,871
2015-08-28,994.0,1001.0,994.0,1001.0,847
2015-08-31,993.0,994.0,993.0,994.0,31
2015-09-01,1004.0,1004.0,996.0,996.0,603
2015-09-02,1005.0,1005.0,993.0,993.0,1393
2015-09-03,993.0,993.0,993.0,993.0,66
2015-09-04,994.0,1000.0,993.0,1000.0,122
2015-09-07,1000.0,1001.0,1000.0,1001.0,993
2015-09-08,1002.0,1003.0,994.0,1003.0,668
2015-09-09,994.0,994.0,989.0,994.0,21
2015-09-10,989.0,998.0,989.0,989.0,762
2015-09-14,1005.0,1005.0,1005.0,1005.0,2
2015-09-15,1014.0,1014.0,1006.0,1006.0,10
2015-09-16,1007.0,1007.0,1007.0,1007.0,9
2015-09-18,1024.0,1025.0,1015.0,1015.0,374
2015-09-21,1016.0,1023.0,1016.0,1023.0,6
2015-09-22,1022.0,1022.0,1020.0,1020.0,7
2015-09-23,1017.0,1018.0,1017.0,1018.0,22
2015-09-24,1019.0,1019.0,1019.0,1019.0,2
2015-09-25,1018.0,1018.0,1010.0,1010.0,147
2015-09-29,1021.0,1022.0,1012.0,1022.0,92
2015-10-01,1024.0,1025.0,1024.0,1025.0,5
2015-10-02,1026.0,1029.0,1017.0,1029.0,1219
2015-10-05,1028.0,1028.0,1028.0,1028.0,6
2015-10-06,1028.0,1028.0,1028.0,1028.0,1000
2015-10-07,1020.0,1026.0,1020.0,1024.0,335
2015-10-08,1024.0,1024.0,1015.0,1023.0,3
2015-10-09,1026.0,1026.0,1007.0,1012.0,183
2015-10-12,1014.0,1014.0,1014.0,1014.0,2
2015-10-13,1026.0,1026.0,1026.0,1026.0,13
2015-10-14,1038.0,1038.0,1038.0,1038.0,35
2015-10-15,1041.0,1041.0,1031.0,1031.0,1063
2015-10-16,1032.0,1039.0,1032.0,1034.0,75
2015-10-19,1035.0,1042.0,1035.0,1036.0,113
2015-10-20,1048.0,1048.0,1040.0,1040.0,167
2015-10-21,1041.0,1050.0,1041.0,1050.0,11
2015-10-22,1047.0,1047.0,1047.0,1047.0,2
2015-10-23,1036.0,1040.0,1036.0,1037.0,203
2015-10-26,1038.0,1046.0,1038.0,1046.0,7
2015-10-27,1044.0,1044.0,1039.0,1039.0,57
2015-10-28,1034.0,1043.0,1034.0,1043.0,27
2015-10-29,1037.0,1045.0,1035.0,1035.0,1051
2015-10-30,1046.0,1048.0,1046.0,1048.0,29
2015-11-02,1049.0,1051.0,1042.0,1042.0,99
2015-11-05,1047.0,1047.0,1047.0,1047.0,150
2015-11-06,1052.0,1052.0,1047.0,1047.0,340
2015-11-09,1050.0,1050.0,1048.0,1048.0,49
2015-11-10,1043.0,1043.0,1036.0,1036.0,285
2015-11-11,1046.0,1046.0,1046.0,1046.0,1
2015-11-12,1041.0,1041.0,1041.0,1041.0,18
2015-11-13,1051.0,1052.0,1051.0,1051.0,28
2015-11-17,1046.0,1049.0,1042.0,1044.0,133
2015-11-18,1052.0,1054.0,1052.0,1054.0,25
2015-11-19,1054.0,1058.0,1054.0,1058.0,225
2015-11-20,1049.0,1058.0,1049.0,1058.0,234
2015-11-23,1057.0,1057.0,1052.0,1057.0,183
2015-11-24,1057.0,1057.0,1048.0,1051.0,277
2015-11-25,1058.0,1058.0,1056.0,1056.0,15
2015-11-26,1056.0,1056.0,1056.0,1056.0,10
2015-11-27,1051.0,1056.0,1051.0,1055.0,60
2015-11-30,1055.0,1055.0,1054.0,1054.0,11
2015-12-01,1054.0,1057.0,1049.0,1049.0,22
2015-12-02,1049.0,1058.0,1047.0,1048.0,56
2015-12-03,1055.0,1055.0,1055.0,1055.0,174
2015-12-04,1053.0,1061.0,1053.0,1054.0,64
2015-12-07,1060.0,1060.0,1051.0,1051.0,3121
2015-12-08,1056.0,1056.0,1056.0,1056.0,4
2015-12-09,1056.0,1059.0,1056.0,1058.0,397
2015-12-10,1056.0,1059.0,1052.0,1059.0,210
2015-12-11,1058.0,1065.0,1058.0,1065.0,14
2015-12-14,1059.0,1063.0,1054.0,1063.0,284
2015-12-15,1058.0,1058.0,1055.0,1055.0,105
2015-12-16,1060.0,1060.0,1055.0,1058.0,183
2015-12-17,1057.0,1059.0,1057.0,1059.0,93
2015-12-18,1058.0,1058.0,1058.0,1058.0,1
2015-12-21,1053.0,1060.0,1051.0,1054.0,207
2015-12-22,1061.0,1061.0,1061.0,1061.0,57
2015-12-23,1063.0,1063.0,1063.0,1063.0,203
2015-12-24,1057.0,1063.0,1057.0,1063.0,31
2015-12-25,1056.0,1064.0,1056.0,1064.0,12
2015-12-28,1060.0,1064.0,1057.0,1064.0,446
2015-12-29,1060.0,1064.0,1060.0,1064.0,191
2015-12-30,1059.0,1069.0,1036.0,1063.0,374
2016-01-04,1065.0,1065.0,1063.0,1063.0,214
2016-01-05,1063.0,1063.0,1061.0,1062.0,54
2016-01-06,1061.0,1061.0,1059.0,1059.0,68
2016-01-11,1058.0,1058.0,1048.0,1056.0,1132
2016-01-12,1053.0,1053.0,1049.0,1052.0,173
2016-01-13,1051.0,1057.0,1048.0,1057.0,36
2016-01-14,1061.0,1069.0,1061.0,1067.0,171
2016-01-15,1068.0,1068.0,1057.0,1057.0,4291
2016-01-18,1055.0,1061.0,1055.0,1060.0,100
2016-01-19,1059.0,1059.0,1054.0,1057.0,918
2016-01-20,1059.0,1061.0,1055.0,1057.0,47
2016-01-21,1055.0,1055.0,1045.0,1051.0,429
2016-01-22,1060.0,1064.0,1059.0,1064.0,47
2016-01-25,1070.0,1070.0,1059.0,1068.0,363
2016-01-26,1065.0,1065.0,1059.0,1065.0,32
2016-01-27,1065.0,1075.0,1065.0,1073.0,164
2016-01-28,1074.0,1082.0,1073.0,1073.0,1151
2016-01-29,1080.0,1080.0,1078.0,1078.0,259
2016-02-01,1075.0,1080.0,1072.0,1080.0,206
2016-02-02,1073.0,1083.0,1073.0,1081.0,314
2016-02-03,1074.0,1081.0,1073.0,1081.0,37
2016-02-04,1070.0,1077.0,1070.0,1074.0,1014
2016-02-05,1083.0,1083.0,1083.0,1083.0,281
2016-02-08,1083.0,1083.0,1076.0,1083.0,391
2016-02-09,1082.0,1083.0,1077.0,1083.0,27
2016-02-10,1079.0,1079.0,1071.0,1071.0,9
2016-02-11,1086.0,1086.0,1078.0,1085.0,27
2016-02-12,1085.0,1086.0,1076.0,1085.0,1171
2016-02-15,1084.0,1086.0,1084.0,1086.0,17
2016-02-16,1085.0,1088.0,1085.0,1088.0,33
2016-02-17,1090.0,1090.0,1086.0,1089.0,1472
2016-02-18,1088.0,1088.0,1086.0,1086.0,191
2016-02-19,1089.0,1090.0,1089.0,1090.0,3510
2016-02-20,1094.0,1094.0,1093.0,1093.0,11
2016-02-22,1089.0,1090.0,1082.0,1090.0,163
2016-02-24,1091.0,1091.0,1082.0,1089.0,461
2016-02-25,1111.0,1111.0,1082.0,1090.0,291
2016-02-26,1093.0,1094.0,1088.0,1092.0,529
2016-02-29,1094.0,1094.0,1085.0,1085.0,818
2016-03-01,1092.0,1094.0,1085.0,1093.0,11545
2016-03-02,1094.0,1095.0,1094.0,1095.0,1238
2016-03-03,1087.0,1099.0,1087.0,1099.0,339
2016-03-04,1093.0,1099.0,1088.0,1098.0,8015
2016-03-07,1098.0,1099.0,1090.0,1095.0,1289
2016-03-09,1095.0,1095.0,1094.0,1095.0,291
2016-03-10,1094.0,1102.0,1094.0,1102.0,1582
2016-03-11,1122.0,1122.0,1109.0,1120.0,4784
2016-03-14,1113.0,1113.0,1102.0,1112.0,352
2016-03-15,1111.0,1111.0,1108.0,1108.0,76
2016-03-16,1111.0,1111.0,1110.0,1111.0,354
2016-03-17,1106.0,1117.0,1104.0,1117.0,232
2016-03-18,1119.0,1119.0,1107.0,1118.0,4700
2016-03-21,1121.0,1121.0,1116.0,1119.0,532
2016-03-22,1119.0,1121.0,1111.0,1120.0,2892
2016-03-23,1119.0,1120.0,1112.0,1120.0,1495
2016-03-24,1113.0,1122.0,1113.0,1120.0,287
2016-03-25,1128.0,1130.0,1127.0,1127.0,502
2016-03-28,1127.0,1132.0,1127.0,1132.0,1117
2016-03-29,1123.0,1124.0,1120.0,1124.0,814
2016-03-30,1122.0,1126.0,1121.0,1124.0,453
2016-03-31,1127.0,1128.0,1125.0,1128.0,3522
2016-04-01,1129.0,1133.0,1126.0,1131.0,310
2016-04-04,1134.0,1134.0,1129.0,1133.0,847
2016-04-05,1134.0,1135.0,1129.0,1133.0,2311
2016-04-06,1135.0,1137.0,1134.0,1136.0,1783
2016-04-07,1137.0,1150.0,1133.0,1135.0,1529
2016-04-08,1135.0,1148.0,1134.0,1136.0,3831
2016-04-11,1135.0,1136.0,1133.0,1134.0,5926
2016-04-12,1135.0,1136.0,1133.0,1134.0,2936
2016-04-13,1134.0,1144.0,1133.0,1144.0,961
2016-04-14,1143.0,1145.0,1141.0,1144.0,1024
2016-04-15,1142.0,1145.0,1142.0,1144.0,1282
2016-04-18,1143.0,1145.0,1134.0,1145.0,1482
2016-04-19,1145.0,1149.0,1142.0,1149.0,5231
2016-04-20,1151.0,1153.0,1151.0,1151.0,3357
2016-04-21,1151.0,1152.0,1147.0,1149.0,1589
2016-04-22,1150.0,1152.0,1147.0,1149.0,2543
2016-04-25,1151.0,1153.0,1149.0,1153.0,1937
2016-04-26,1150.0,1153.0,1150.0,1150.0,7083
2016-04-27,1152.0,1154.0,1145.0,1154.0,3499
2016-04-28,1155.0,1156.0,1154.0,1156.0,1119
2016-04-29,1156.0,1159.0,1148.0,1156.0,13767
2016-05-04,1164.0,1165.0,1161.0,1164.0,2118
2016-05-05,1163.0,1163.0,1160.0,1162.0,1218
2016-05-06,1163.0,1163.0,1162.0,1163.0,1902
2016-05-10,1180.0,1180.0,1162.0,1164.0,1905
2016-05-11,1162.0,1162.0,1140.0,1153.0,35081
2016-05-12,1160.0,1166.0,1160.0,1164.0,2838
2016-05-13,1161.0,1166.0,1161.0,1166.0,611
2016-05-16,1166.0,1167.0,1166.0,1167.0,1130
2016-05-17,1166.0,1169.0,1166.0,1169.0,1521
2016-05-18,1170.0,1170.0,1169.0,1170.0,5380
2016-05-19,1169.0,1171.0,1158.0,1167.0,18208
2016-05-20,1168.0,1168.0,1162.0,1166.0,1297
2016-05-23,1168.0,1169.0,1165.0,1169.0,5195
2016-05-24,1169.0,1169.0,1158.0,1163.0,3920
2016-05-25,1168.0,1169.0,1159.0,1161.0,7031
2016-05-26,1168.0,1171.0,1161.0,1170.0,3064
2016-05-27,1168.0,1172.0,1165.0,1172.0,1443
2016-05-30,1172.0,1172.0,1163.0,1170.0,1864
2016-05-31,1172.0,1173.0,1172.0,1172.0,1443
2016-06-01,1172.0,1176.0,1171.0,1176.0,2700
2016-06-02,1174.0,1178.0,1167.0,1178.0,7534
2016-06-03,1177.0,1185.0,1173.0,1179.0,1270
2016-06-06,1184.0,1187.0,1181.0,1187.0,2700
2016-06-07,1189.0,1192.0,1188.0,1190.0,2527
2016-06-08,1188.0,1195.0,1188.0,1195.0,2404
2016-06-09,1190.0,1195.0,1190.0,1193.0,1484
2016-06-10,1195.0,1195.0,1192.0,1192.0,1736
2016-06-14,1192.0,1199.0,1192.0,1195.0,6364
2016-06-15,1197.0,1199.0,1193.0,1193.0,5278
2016-06-16,1194.0,1201.0,1194.0,1197.0,4371
2016-06-17,1196.0,1343.0,1195.0,1210.0,14486
2016-06-20,1210.0,1299.0,1206.0,1206.0,8270
2016-06-21,1208.0,1209.0,1197.0,1197.0,6212
2016-06-22,1199.0,1209.0,1199.0,1206.0,8128
2016-06-23,1204.0,1213.0,1202.0,1207.0,5069
2016-06-24,1201.0,1217.0,1193.0,1202.0,3746
2016-06-27,1200.0,1200.0,1188.0,1192.0,2641
2016-06-28,1194.0,1205.0,1193.0,1193.0,2280
2016-06-29,1193.0,1208.0,1193.0,1201.0,3984
2016-06-30,1202.0,1208.0,1199.0,1208.0,2544
2016-07-01,1202.0,1211.0,1202.0,1209.0,6194
2016-07-04,1211.0,1213.0,1203.0,1211.0,5357
2016-07-05,1209.0,1213.0,1206.0,1210.0,2224
2016-07-06,1210.0,1213.0,1208.0,1212.0,2001
2016-07-07,1209.0,1212.0,1209.0,1212.0,2126
2016-07-08,1210.0,1213.0,1209.0,1212.0,1325
2016-07-11,1210.0,1214.0,1210.0,1212.0,615
2016-07-12,1210.0,1216.0,1210.0,1214.0,1477
2016-07-13,1214.0,1219.0,1210.0,1219.0,3606
2016-07-14,1215.0,1218.0,1214.0,1215.0,720
2016-07-15,1214.0,1217.0,1213.0,1215.0,1878
2016-07-18,1221.0,1221.0,1207.0,1211.0,2861
2016-07-19,1211.0,1214.0,1203.0,1203.0,7452
2016-07-20,1204.0,1211.0,1204.0,1205.0,1049
2016-07-21,1205.0,1213.0,1205.0,1208.0,1048
2016-07-22,1207.0,1215.0,1201.0,1204.0,5864
2016-07-25,1202.0,1207.0,1198.0,1206.0,3993
2016-07-26,1203.0,1205.0,1188.0,1190.0,16153
2016-07-27,1188.0,1206.0,1188.0,1188.0,1811
2016-07-28,1189.0,1196.0,1184.0,1196.0,2938
2016-07-29,1191.0,1196.0,1190.0,1192.0,2646
2016-08-01,1196.0,1200.0,1191.0,1194.0,791
2016-08-02,1196.0,1205.0,1196.0,1199.0,2914
2016-08-03,1201.0,1209.0,1199.0,1200.0,12893
2016-08-04,1200.0,1208.0,1197.0,1200.0,5970
2016-08-05,1201.0,1208.0,1201.0,1202.0,3218
2016-08-08,1202.0,1208.0,1202.0,1207.0,943
2016-08-09,1204.0,1211.0,1204.0,1211.0,1393
2016-08-10,1213.0,1216.0,1211.0,1215.0,1585
2016-08-11,1211.0,1218.0,1211.0,1218.0,2118
2016-08-12,1217.0,1217.0,1210.0,1216.0,3587
2016-08-15,1214.0,1218.0,1209.0,1209.0,4376
2016-08-16,1216.0,1217.0,1211.0,1216.0,1829
2016-08-17,1201.0,1217.0,1201.0,1216.0,1363
2016-08-18,1216.0,1216.0,1214.0,1215.0,417
2016-08-19,1215.0,1224.0,1214.0,1214.0,2832
2016-08-22,1217.0,1220.0,1215.0,1216.0,1519
2016-08-23,1218.0,1220.0,1215.0,1215.0,3078
2016-08-24,1216.0,1219.0,1214.0,1215.0,1050
2016-08-25,1216.0,1220.0,1216.0,1219.0,2322
2016-08-26,1220.0,1220.0,1215.0,1215.0,2183
2016-08-29,1216.0,1223.0,1215.0,1219.0,17818
2016-08-30,1218.0,1224.0,1217.0,1218.0,3982
2016-08-31,1218.0,1223.0,1218.0,1222.0,986
2016-09-01,1223.0,1225.0,1220.0,1222.0,1268
2016-09-02,1222.0,1228.0,1220.0,1227.0,2473
2016-09-05,1226.0,1228.0,1221.0,1228.0,1977
2016-09-06,1228.0,1229.0,1224.0,1228.0,766
2016-09-07,1229.0,1234.0,1226.0,1234.0,2123
2016-09-08,1229.0,1238.0,1228.0,1233.0,2186
2016-09-09,1231.0,1237.0,1230.0,1233.0,1169
2016-09-12,1236.0,1236.0,1230.0,1232.0,2233
2016-09-13,1228.0,1230.0,1223.0,1226.0,4864
2016-09-14,1227.0,1234.0,1226.0,1233.0,713
2016-09-15,1235.0,1235.0,1227.0,1235.0,2408
2016-09-16,1230.0,1237.0,1228.0,1235.0,3261
2016-09-19,1235.0,1236.0,1228.0,1235.0,4900
2016-09-20,1229.0,1237.0,1229.0,1236.0,942
2016-09-21,1237.0,1237.0,1234.0,1235.0,688
2016-09-22,1232.0,1242.0,1232.0,1241.0,2993
2016-09-23,1235.0,1242.0,1232.0,1232.0,6728
2016-09-26,1232.0,1240.0,1232.0,1233.0,1790
2016-09-27,1234.0,1240.0,1232.0,1238.0,2703
2016-09-28,1238.0,1239.0,1232.0,1232.0,3365
2016-09-29,1234.0,1240.0,1233.0,1238.0,4893
2016-09-30,1235.0,1238.0,1220.0,1235.0,28983
2016-10-03,1229.0,1232.0,1225.0,1232.0,16412
2016-10-04,1228.0,1234.0,1228.0,1232.0,3834
2016-10-05,1232.0,1235.0,1232.0,1234.0,2680
2016-10-06,1235.0,1237.0,1091.0,1226.0,4352
2016-10-07,1228.0,1230.0,1225.0,1226.0,1147
2016-10-10,1228.0,1238.0,1228.0,1233.0,1143
2016-10-11,1229.0,1237.0,1226.0,1233.0,1544
2016-10-12,1229.0,1241.0,1229.0,1236.0,1760
2016-10-13,1234.0,1234.0,1225.0,1227.0,2117
2016-10-14,1227.0,1232.0,1223.0,1224.0,1161
2016-10-17,1224.0,1232.0,1221.0,1226.0,2134
2016-10-18,1224.0,1231.0,1214.0,1216.0,3355
2016-10-19,1222.0,1226.0,1217.0,1219.0,2055
2016-10-20,1219.0,1227.0,1219.0,1225.0,744
2016-10-21,1224.0,1231.0,1222.0,1222.0,13204
2016-10-24,1220.0,1230.0,1220.0,1221.0,1712
2016-10-25,1223.0,1231.0,1223.0,1227.0,805
2016-10-26,1226.0,1237.0,1226.0,1227.0,6478
2016-10-27,1226.0,1234.0,1225.0,1228.0,1988
2016-10-28,1227.0,1235.0,1227.0,1229.0,511
2016-10-31,1229.0,1238.0,1228.0,1238.0,839
2016-11-01,1231.0,1235.0,1230.0,1231.0,246
2016-11-02,1233.0,1241.0,1232.0,1239.0,968
2016-11-03,1236.0,1244.0,1236.0,1240.0,3437
2016-11-07,1238.0,1245.0,1238.0,1244.0,5613
2016-11-08,1237.0,1246.0,1235.0,1242.0,5462
2016-11-09,1236.0,1240.0,1235.0,1235.0,516
2016-11-10,1235.0,1243.0,1232.0,1235.0,1988
2016-11-11,1235.0,1237.0,1225.0,1231.0,6306
2016-11-14,1222.0,1227.0,1214.0,1214.0,2949
2016-11-15,1216.0,1228.0,1216.0,1221.0,5854
2016-11-16,1220.0,1220.0,1215.0,1215.0,2960
2016-11-17,1219.0,1221.0,1213.0,1216.0,2337
2016-11-18,1212.0,1220.0,1211.0,1217.0,1150
2016-11-21,1215.0,1222.0,1211.0,1213.0,3130
2016-11-22,1211.0,1217.0,1207.0,1217.0,1952
2016-11-23,1218.0,1218.0,1216.0,1217.0,198
2016-11-24,1212.0,1219.0,1208.0,1208.0,459
2016-11-25,1215.0,1219.0,1212.0,1219.0,435
2016-11-28,1218.0,1220.0,1215.0,1217.0,236
2016-11-29,1217.0,1218.0,1212.0,1213.0,929
2016-11-30,1213.0,1220.0,1213.0,1213.0,8008
2016-12-01,1210.0,1220.0,1210.0,1219.0,7006
2016-12-02,1219.0,1220.0,1215.0,1219.0,3990
2016-12-05,1219.0,1224.0,1213.0,1224.0,2124
2016-12-06,1221.0,1227.0,1220.0,1226.0,1846
2016-12-07,1226.0,1231.0,1223.0,1230.0,1269
2016-12-08,1224.0,1232.0,1223.0,1228.0,573
2016-12-09,1229.0,1230.0,1221.0,1227.0,664
2016-12-12,1220.0,1223.0,1213.0,1221.0,2884
2016-12-13,1218.0,1227.0,1217.0,1223.0,4734
2016-12-14,1222.0,1229.0,1220.0,1229.0,1421
2016-12-15,1221.0,1226.0,1216.0,1221.0,4632
2016-12-16,1223.0,1228.0,1220.0,1226.0,1531
2016-12-19,1224.0,1230.0,1222.0,1228.0,3069
2016-12-20,1225.0,1230.0,1221.0,1223.0,4053
2016-12-21,1223.0,1232.0,1223.0,1230.0,1754
2016-12-22,1230.0,1233.0,1226.0,1233.0,841
2016-12-23,1229.0,1236.0,1228.0,1233.0,4414
2016-12-26,1228.0,1238.0,1228.0,1230.0,1453
2016-12-27,1233.0,1238.0,1231.0,1231.0,812
2016-12-28,1232.0,1239.0,1229.0,1239.0,2767
2016-12-29,1233.0,1240.0,1233.0,1234.0,1449
2016-12-30,1241.0,1246.0,1240.0,1246.0,1010
2017-01-03,1246.0,1276.0,1238.0,1239.0,895
2017-01-04,1238.0,1244.0,1238.0,1243.0,329
2017-01-05,1244.0,1249.0,1243.0,1244.0,277
2017-01-06,1245.0,1251.0,1243.0,1249.0,733
2017-01-09,1249.0,1250.0,1245.0,1247.0,1202
2017-01-10,1245.0,1253.0,1245.0,1247.0,1731
2017-01-11,1247.0,1250.0,1243.0,1244.0,1757
2017-01-12,1247.0,1257.0,1246.0,1252.0,4426
2017-01-13,1251.0,1257.0,1251.0,1254.0,1538
2017-01-16,1249.0,1256.0,1249.0,1251.0,1578
2017-01-17,1251.0,1258.0,1251.0,1258.0,1088
2017-01-18,1258.0,1258.0,1253.0,1256.0,1910
2017-01-19,1254.0,1259.0,1253.0,1254.0,13009
2017-01-20,1254.0,1262.0,1251.0,1257.0,4183
2017-01-23,1261.0,1263.0,1256.0,1260.0,882
2017-01-24,1253.0,1262.0,1253.0,1261.0,1971
2017-01-25,1262.0,1265.0,1256.0,1265.0,2258
2017-01-26,1258.0,1267.0,1258.0,1266.0,732
2017-01-27,1260.0,1266.0,1260.0,1260.0,2129
2017-01-30,1261.0,1266.0,1261.0,1265.0,1508
2017-01-31,1265.0,1267.0,1262.0,1267.0,893
2017-02-01,1266.0,1267.0,1264.0,1265.0,526
2017-02-02,1266.0,1268.0,1265.0,1266.0,1554
2017-02-03,1267.0,1271.0,1260.0,1265.0,1778
2017-02-06,1268.0,1269.0,1262.0,1266.0,1170
2017-02-07,1264.0,1267.0,1261.0,1265.0,896
2017-02-08,1265.0,1273.0,1265.0,1273.0,1749
2017-02-09,1268.0,1273.0,1266.0,1267.0,774
2017-02-10,1267.0,1273.0,1264.0,1266.0,1330
2017-02-13,1266.0,1273.0,1266.0,1271.0,2186
2017-02-14,1265.0,1271.0,1265.0,1266.0,533
2017-02-15,1266.0,1272.0,1264.0,1272.0,1737
2017-02-16,1268.0,1272.0,1266.0,1271.0,914
2017-02-17,1271.0,1277.0,1269.0,1273.0,2714
2017-02-20,1273.0,1276.0,1270.0,1275.0,824
2017-02-21,1274.0,1277.0,1273.0,1273.0,1284
2017-02-22,1275.0,1277.0,1266.0,1270.0,9086
2017-02-24,1276.0,1281.0,1272.0,1275.0,1816
2017-02-27,1273.0,1278.0,1273.0,1276.0,510
2017-02-28,1274.0,1283.0,1272.0,1281.0,2484
2017-03-01,1277.0,1283.0,1277.0,1278.0,666
2017-03-02,1278.0,1283.0,1278.0,1280.0,6635
2017-03-03,1283.0,1283.0,1270.0,1273.0,13960
2017-03-06,1277.0,1283.0,1275.0,1281.0,3835
2017-03-07,1277.0,1286.0,1275.0,1284.0,11475
2017-03-09,1279.0,1285.0,1279.0,1279.0,2953
2017-03-10,1279.0,1286.0,1276.0,1286.0,4222
2017-03-13,1283.0,1288.0,1281.0,1287.0,3246
2017-03-14,1284.0,1287.0,1284.0,1285.0,1316
2017-03-15,1285.0,1288.0,1282.0,1286.0,1381
2017-03-16,1287.0,1290.0,1281.0,1283.0,18568
2017-03-17,1283.0,1288.0,1282.0,1288.0,2114
2017-03-20,1284.0,1292.0,1281.0,1284.0,6541
2017-03-21,1285.0,1293.0,1284.0,1290.0,3334
2017-03-22,1289.0,1297.0,1286.0,1290.0,13736
2017-03-23,1287.0,1294.0,1287.0,1294.0,1169
2017-03-24,1288.0,1294.0,1287.0,1294.0,2862
2017-03-27,1289.0,1296.0,1287.0,1295.0,6195
2017-03-28,1291.0,1298.0,1291.0,1297.0,562
2017-03-29,1292.0,1297.0,1292.0,1295.0,866
2017-03-30,1293.0,1296.0,1292.0,1295.0,3422
2017-03-31,1293.0,1296.0,1284.0,1291.0,1786
2017-04-03,1290.0,1294.0,1285.0,1290.0,1354
2017-04-04,1287.0,1295.0,1287.0,1292.0,1522
2017-04-05,1289.0,1294.0,1285.0,1291.0,3707
2017-04-06,1293.0,1293.0,1289.0,1292.0,1267
2017-04-07,1288.0,1295.0,1287.0,1290.0,1869
2017-04-10,1295.0,1296.0,1288.0,1293.0,1727
2017-04-11,1290.0,1294.0,1286.0,1289.0,2231
2017-04-12,1289.0,1296.0,1288.0,1293.0,2060
2017-04-13,1289.0,1294.0,1289.0,1294.0,1167
2017-04-14,1291.0,1296.0,1291.0,1293.0,994
2017-04-17,1294.0,1300.0,1291.0,1299.0,1448
2017-04-18,1298.0,1300.0,1294.0,1300.0,695
2017-04-19,1300.0,1312.0,1300.0,1306.0,3798
2017-04-20,1303.0,1307.0,1301.0,1306.0,771
2017-04-21,1309.0,1309.0,1304.0,1305.0,4402
2017-04-24,1302.0,1310.0,1300.0,1308.0,3079
2017-04-25,1306.0,1316.0,1306.0,1315.0,3582
2017-04-26,1310.0,1315.0,1307.0,1312.0,2556
2017-04-27,1310.0,1317.0,1310.0,1315.0,5274
2017-04-28,1317.0,1319.0,1314.0,1317.0,1327
2017-05-02,1318.0,1322.0,1315.0,1319.0,1844
2017-05-03,1317.0,1319.0,1315.0,1316.0,2094
2017-05-04,1315.0,1321.0,1313.0,1317.0,1671
2017-05-05,1316.0,1321.0,1312.0,1315.0,1952
2017-05-10,1314.0,1320.0,1312.0,1319.0,1808
2017-05-11,1314.0,1321.0,1314.0,1320.0,745
2017-05-12,1318.0,1321.0,1315.0,1321.0,2374
2017-05-15,1320.0,1325.0,1314.0,1321.0,1678
2017-05-16,1321.0,1328.0,1318.0,1326.0,2995
2017-05-17,1328.0,1334.0,1326.0,1334.0,2186
2017-05-18,1332.0,1332.0,1327.0,1330.0,1752
2017-05-19,1327.0,1333.0,1321.0,1332.0,6200
2017-05-22,1331.0,1337.0,1328.0,1336.0,4651
2017-05-23,1335.0,1337.0,1333.0,1335.0,743
2017-05-24,1332.0,1336.0,1332.0,1336.0,2451
2017-05-25,1334.0,1339.0,1332.0,1336.0,784
2017-05-26,1338.0,1343.0,1334.0,1341.0,3732
2017-05-29,1338.0,1344.0,1338.0,1344.0,1116
2017-05-30,1343.0,1346.0,1342.0,1346.0,1441
2017-05-31,1346.0,1347.0,1344.0,1345.0,5777
2017-06-01,1346.0,1348.0,1333.0,1336.0,2909
2017-06-02,1337.0,1344.0,1335.0,1344.0,1189
2017-06-05,1338.0,1345.0,1338.0,1344.0,4680
2017-06-06,1341.0,1346.0,1336.0,1346.0,47928
2017-06-07,1342.0,1347.0,1334.0,1345.0,7299
2017-06-08,1343.0,1347.0,1343.0,1345.0,2502
2017-06-09,1346.0,1348.0,1337.0,1339.0,2427
2017-06-13,1346.0,1349.0,1339.0,1349.0,1921
2017-06-14,1345.0,1348.0,1341.0,1348.0,2039
2017-06-15,1347.0,1347.0,1337.0,1344.0,2455
2017-06-16,1345.0,1346.0,1337.0,1344.0,5358
2017-06-19,1342.0,1346.0,1337.0,1343.0,3167
2017-06-20,1340.0,1343.0,1332.0,1335.0,4696
2017-06-21,1332.0,1339.0,1331.0,1338.0,7113
2017-06-22,1334.0,1340.0,1334.0,1340.0,8024
2017-06-23,1335.0,1343.0,1333.0,1340.0,10509
2017-06-26,1337.0,1344.0,1337.0,1344.0,1030
2017-06-27,1344.0,1348.0,1340.0,1346.0,905
2017-06-28,1346.0,1351.0,1345.0,1348.0,2669
2017-06-29,1349.0,1352.0,1345.0,1348.0,863
2017-06-30,1346.0,1349.0,1338.0,1349.0,3047
2017-07-03,1342.0,1350.0,1341.0,1350.0,2718
2017-07-04,1345.0,1348.0,1344.0,1348.0,1644
2017-07-05,1346.0,1352.0,1344.0,1349.0,981
2017-07-06,1347.0,1347.0,1339.0,1345.0,7548
2017-07-07,1343.0,1350.0,1340.0,1345.0,8068
2017-07-10,1341.0,1348.0,1339.0,1346.0,9017
2017-07-11,1346.0,1350.0,1339.0,1344.0,28404
2017-07-12,1343.0,1349.0,1342.0,1344.0,1190
2017-07-13,1347.0,1349.0,1344.0,1345.0,2396
2017-07-14,1347.0,1353.0,1346.0,1349.0,2678
2017-07-17,1352.0,1355.0,1352.0,1353.0,1185
2017-07-18,1353.0,1360.0,1353.0,1357.0,1173
2017-07-19,1357.0,1363.0,1355.0,1363.0,1632
2017-07-20,1361.0,1368.0,1360.0,1367.0,2023
2017-07-21,1365.0,1369.0,1357.0,1367.0,12090
2017-07-24,1361.0,1370.0,1360.0,1367.0,2479
2017-07-25,1367.0,1372.0,1366.0,1371.0,4455
2017-07-26,1366.0,1370.0,1365.0,1370.0,2587
2017-07-27,1370.0,1373.0,1361.0,1368.0,5281
2017-07-28,1370.0,1373.0,1364.0,1371.0,9601
2017-07-31,1372.0,1372.0,1361.0,1362.0,9150
2017-08-01,1368.0,1371.0,1363.0,1368.0,6369
2017-08-02,1369.0,1375.0,1366.0,1375.0,2648
2017-08-03,1371.0,1374.0,1370.0,1372.0,3365
2017-08-04,1371.0,1375.0,1370.0,1371.0,3379
2017-08-07,1370.0,1373.0,1370.0,1373.0,4064
2017-08-08,1372.0,1374.0,1368.0,1369.0,3925
2017-08-09,1369.0,1373.0,1369.0,1371.0,1146
2017-08-10,1372.0,1373.0,1369.0,1372.0,3324
2017-08-11,1370.0,1374.0,1370.0,1374.0,2238
2017-08-14,1372.0,1375.0,1372.0,1375.0,1604
2017-08-15,1372.0,1380.0,1372.0,1374.0,2804
2017-08-16,1373.0,1374.0,1372.0,1374.0,2353
2017-08-17,1373.0,1400.0,1373.0,1375.0,1693
2017-08-18,1376.0,1376.0,1373.0,1376.0,2999
2017-08-21,1377.0,1379.0,1374.0,1379.0,3248
2017-08-22,1376.0,1378.0,1375.0,1377.0,1597
2017-08-23,1376.0,1384.0,1376.0,1380.0,2888
2017-08-24,1378.0,1382.0,1378.0,1381.0,3380
2017-08-25,1381.0,1384.0,1381.0,1384.0,1554
2017-08-28,1382.0,1390.0,1382.0,1386.0,2699
2017-08-29,1386.0,1391.0,1386.0,1391.0,2906
2017-08-30,1390.0,1391.0,1386.0,1389.0,6183
2017-08-31,1388.0,1390.0,1387.0,1389.0,2265
2017-09-01,1388.0,1390.0,1384.0,1388.0,5709
2017-09-04,1389.0,1400.0,1388.0,1393.0,4719
2017-09-05,1389.0,1391.0,1385.0,1388.0,5407
2017-09-06,1389.0,1392.0,1389.0,1391.0,1099
2017-09-07,1392.0,1393.0,1387.0,1391.0,1817
2017-09-08,1390.0,1396.0,1390.0,1396.0,11623
2017-09-11,1396.0,1396.0,1390.0,1396.0,7989
2017-09-12,1394.0,1396.0,1390.0,1396.0,5947
2017-09-13,1396.0,1397.0,1395.0,1396.0,4260
2017-09-14,1395.0,1397.0,1392.0,1395.0,5606
2017-09-15,1396.0,1398.0,1390.0,1397.0,2902
2017-09-18,1398.0,1401.0,1395.0,1401.0,2484
2017-09-19,1399.0,1403.0,1394.0,1396.0,8715
2017-09-20,1401.0,1402.0,1396.0,1401.0,2059
2017-09-21,1398.0,1401.0,1395.0,1396.0,4031
2017-09-22,1399.0,1402.0,1394.0,1394.0,8603
2017-09-25,1397.0,1400.0,1395.0,1398.0,2022
2017-09-26,1396.0,1399.0,1395.0,1398.0,3314
2017-09-27,1395.0,1397.0,1390.0,1395.0,3221
2017-09-28,1392.0,1398.0,1392.0,1393.0,3473
2017-09-29,1393.0,1400.0,1392.0,1396.0,2461
2017-10-02,1395.0,1399.0,1394.0,1397.0,1187
2017-10-03,1399.0,1399.0,1394.0,1399.0,3550
2017-10-04,1398.0,1400.0,1395.0,1398.0,6340
2017-10-05,1398.0,1400.0,1395.0,1399.0,3466
2017-10-06,1399.0,1399.0,1395.0,1398.0,14862
2017-10-09,1396.0,1401.0,1395.0,1400.0,3213
2017-10-10,1398.0,1402.0,1398.0,1399.0,2209
2017-10-11,1400.0,1404.0,1399.0,1403.0,3131
2017-10-12,1403.0,1406.0,1403.0,1406.0,2450
2017-10-13,1404.0,1407.0,1404.0,1406.0,1917
2017-10-16,1406.0,1408.0,1404.0,1404.0,2833
2017-10-17,1405.0,1405.0,1403.0,1403.0,2501
2017-10-18,1403.0,1409.0,1400.0,1404.0,4647
2017-10-19,1401.0,1407.0,1400.0,1407.0,3500
2017-10-20,1405.0,1407.0,1403.0,1406.0,3131
2017-10-23,1406.0,1406.0,1403.0,1406.0,2802
2017-10-24,1404.0,1411.0,1404.0,1404.0,37170
2017-10-25,1405.0,1412.0,1404.0,1407.0,1520
2017-10-26,1406.0,1409.0,1400.0,1405.0,5039
2017-10-27,1405.0,1405.0,1403.0,1404.0,2953
2017-10-30,1405.0,1406.0,1404.0,1406.0,1500
2017-10-31,1405.0,1409.0,1405.0,1409.0,6005
2017-11-01,1407.0,1410.0,1406.0,1409.0,3048
2017-11-02,1409.0,1410.0,1406.0,1409.0,2434
2017-11-03,1406.0,1410.0,1406.0,1409.0,1253
2017-11-07,1408.0,1409.0,1406.0,1408.0,5079
2017-11-08,1409.0,1410.0,1407.0,1408.0,5457
2017-11-09,1409.0,1411.0,1406.0,1408.0,4299
2017-11-10,1407.0,1410.0,1321.0,1407.0,40603
2017-11-13,1404.0,1410.0,1400.0,1407.0,7499
2017-11-14,1410.0,1487.0,1400.0,1409.0,31128
2017-11-15,1411.0,1415.0,1408.0,1413.0,6376
2017-11-16,1411.0,1414.0,1408.0,1411.0,3131
2017-11-17,1414.0,1417.0,1411.0,1417.0,4472
2017-11-20,1414.0,1427.0,1413.0,1417.0,4157
2017-11-21,1417.0,1424.0,1415.0,1417.0,2608
2017-11-22,1416.0,1418.0,1415.0,1417.0,2526
2017-11-23,1416.0,1419.0,1415.0,1416.0,2453
2017-11-24,1419.0,1421.0,1417.0,1420.0,2475
2017-11-27,1420.0,1423.0,1419.0,1422.0,3043
2017-11-28,1422.0,1424.0,1421.0,1422.0,2920
2017-11-29,1423.0,1423.0,1420.0,1423.0,2568
2017-11-30,1423.0,1424.0,1420.0,1424.0,2697
2017-12-01,1424.0,1425.0,1422.0,1424.0,2579
2017-12-04,1425.0,1427.0,1415.0,1423.0,8294
2017-12-05,1423.0,1425.0,1422.0,1423.0,5522
2017-12-06,1422.0,1424.0,1422.0,1424.0,1556
2017-12-07,1424.0,1425.0,1422.0,1424.0,1352
2017-12-08,1422.0,1425.0,1422.0,1424.0,1896
2017-12-11,1425.0,1425.0,1417.0,1425.0,5065
2017-12-12,1425.0,1425.0,1422.0,1422.0,3116
2017-12-13,1422.0,1425.0,1422.0,1424.0,3755
2017-12-14,1425.0,1426.0,1423.0,1425.0,3670
2017-12-15,1423.0,1425.0,1421.0,1422.0,5450
2017-12-18,1422.0,1423.0,1420.0,1421.0,3957
2017-12-19,1421.0,1425.0,1421.0,1422.0,3722
2017-12-20,1423.0,1426.0,1422.0,1426.0,2521
2017-12-21,1424.0,1430.0,1423.0,1427.0,2289
2017-12-22,1424.0,1426.0,1424.0,1426.0,9350
2017-12-25,1427.0,1427.0,1422.0,1423.0,9065
2017-12-26,1423.0,1438.0,1423.0,1430.0,5940
2017-12-27,1431.0,1440.0,1428.0,1439.0,3220
2017-12-28,1444.0,1445.0,1435.0,1445.0,5996
2017-12-29,1450.0,1455.0,1440.0,1445.0,5802
2018-01-03,1438.0,1448.0,1437.0,1447.0,2076
2018-01-04,1443.0,1448.0,1437.0,1445.0,2531
2018-01-05,1443.0,1446.0,1440.0,1445.0,1692
2018-01-09,1443.0,1446.0,1442.0,1444.0,3842
2018-01-10,1444.0,1445.0,1441.0,1445.0,3380
2018-01-11,1445.0,1445.0,1442.0,1445.0,4370
2018-01-12,1445.0,1446.0,1441.0,1445.0,5884
2018-01-15,1443.0,1447.0,1441.0,1447.0,3595
2018-01-16,1445.0,1452.0,1443.0,1450.0,4543
2018-01-17,1451.0,1451.0,1448.0,1449.0,5473
2018-01-18,1449.0,1450.0,1446.0,1449.0,7039
2018-01-19,1450.0,1450.0,1446.0,1449.0,2914
2018-01-22,1449.0,1449.0,1445.0,1448.0,4123
2018-01-23,1447.0,1449.0,1446.0,1448.0,3970
2018-01-24,1448.0,1452.0,1447.0,1448.0,4173
2018-01-25,1449.0,1452.0,1440.0,1451.0,7035
2018-01-26,1452.0,1452.0,1448.0,1449.0,2651
2018-01-29,1449.0,1451.0,1448.0,1449.0,3917
2018-01-30,1449.0,1451.0,1439.0,1440.0,27490
2018-01-31,1444.0,1445.0,1439.0,1440.0,6616
2018-02-01,1440.0,1446.0,1439.0,1444.0,39710
2018-02-02,1444.0,1449.0,1443.0,1447.0,7751
2018-02-05,1447.0,1449.0,1440.0,1444.0,7909
2018-02-06,1447.0,1448.0,1441.0,1444.0,4262
2018-02-07,1445.0,1447.0,1436.0,1447.0,3711
2018-02-08,1447.0,1447.0,1442.0,1444.0,1675
2018-02-09,1442.0,1443.0,1437.0,1439.0,5272
2018-02-12,1435.0,1440.0,1435.0,1437.0,2629
2018-02-13,1439.0,1442.0,1436.0,1442.0,1777
2018-02-14,1440.0,1443.0,1435.0,1438.0,2174
2018-02-15,1439.0,1441.0,1436.0,1439.0,2371
2018-02-16,1440.0,1443.0,1430.0,1432.0,22037
2018-02-19,1438.0,1440.0,1427.0,1436.0,3464
2018-02-20,1436.0,1439.0,1434.0,1435.0,4201
2018-02-21,1435.0,1437.0,1431.0,1437.0,3697
2018-02-22,1435.0,1438.0,1431.0,1437.0,2374
2018-02-26,1438.0,1440.0,1435.0,1440.0,2458
2018-02-27,1442.0,1442.0,1431.0,1437.0,4137
2018-02-28,1438.0,1440.0,1433.0,1439.0,3873
2018-03-01,1439.0,1439.0,1429.0,1434.0,4238
2018-03-02,1434.0,1440.0,1433.0,1438.0,3192
2018-03-05,1438.0,1441.0,1436.0,1440.0,1864
2018-03-06,1439.0,1441.0,1435.0,1438.0,2505
2018-03-07,1439.0,1439.0,1434.0,1435.0,2366
2018-03-09,1435.0,1439.0,1433.0,1433.0,692
2018-03-12,1437.0,1439.0,1434.0,1435.0,2296
2018-03-13,1438.0,1448.0,1435.0,1442.0,26265
2018-03-14,1441.0,1449.0,1437.0,1444.0,8880
2018-03-15,1446.0,1447.0,1438.0,1442.0,2599
2018-03-16,1442.0,1443.0,1436.0,1443.0,4338
2018-03-19,1443.0,1443.0,1438.0,1439.0,2854
2018-03-20,1441.0,1441.0,1434.0,1434.0,2074
2018-03-21,1434.0,1438.0,1432.0,1433.0,4602
2018-03-22,1433.0,1435.0,1430.0,1433.0,2307
2018-03-23,1432.0,1438.0,1432.0,1434.0,2316
2018-03-26,1432.0,1442.0,1432.0,1438.0,3649
2018-03-27,1438.0,1440.0,1433.0,1438.0,2039
2018-03-28,1438.0,1438.0,1432.0,1436.0,2440
2018-03-29,1436.0,1440.0,1433.0,1435.0,5075
2018-03-30,1433.0,1437.0,1433.0,1434.0,2259
2018-04-02,1435.0,1440.0,1433.0,1437.0,2951
2018-04-03,1437.0,1439.0,1433.0,1437.0,1686
2018-04-04,1435.0,1440.0,1401.0,1439.0,8329
2018-04-05,1437.0,1439.0,1435.0,1437.0,1983
2018-04-06,1439.0,1439.0,1435.0,1436.0,2846
2018-04-09,1435.0,1438.0,1403.0,1404.0,14876
2018-04-10,1402.0,1405.0,1363.0,1369.0,9963
2018-04-11,1376.0,1421.0,1305.0,1365.0,9594
2018-04-12,1377.0,1396.0,1366.0,1389.0,4335
2018-04-13,1383.0,1389.0,1303.0,1386.0,17603
2018-04-16,1376.0,1392.0,1376.0,1385.0,6657
2018-04-17,1388.0,1400.0,1387.0,1399.0,2924
2018-04-18,1400.0,1402.0,1390.0,1394.0,4582
2018-04-19,1400.0,1407.0,1396.0,1405.0,4348
2018-04-20,1397.0,1409.0,1397.0,1409.0,2659
2018-04-23,1409.0,1411.0,1399.0,1410.0,7350
2018-04-24,1407.0,1416.0,1401.0,1406.0,5409
2018-04-25,1407.0,1420.0,1407.0,1417.0,2686
2018-04-26,1416.0,1416.0,1406.0,1408.0,4146
2018-04-27,1408.0,1414.0,1405.0,1410.0,967
2018-04-28,1413.0,1419.0,1408.0,1418.0,5121
2018-04-30,1420.0,1420.0,1411.0,1411.0,280
2018-05-02,1419.0,1420.0,1411.0,1415.0,1565
2018-05-03,1411.0,1414.0,1403.0,1409.0,1353
2018-05-04,1406.0,1409.0,1401.0,1404.0,1276
2018-05-07,1406.0,1410.0,1402.0,1408.0,2328
2018-05-08,1405.0,1409.0,1403.0,1405.0,1249
2018-05-10,1405.0,1407.0,1397.0,1404.0,3908
2018-05-11,1405.0,1406.0,1400.0,1403.0,2431
2018-05-14,1404.0,1410.0,1402.0,1407.0,2432
2018-05-15,1408.0,1408.0,1399.0,1400.0,2630
2018-05-16,1402.0,1403.0,1393.0,1397.0,2088
2018-05-17,1399.0,1400.0,1391.0,1393.0,3771
2018-05-18,1396.0,1397.0,1391.0,1395.0,2444
2018-05-21,1395.0,1397.0,1392.0,1397.0,1486
2018-05-22,1398.0,1400.0,1394.0,1397.0,2839
2018-05-23,1398.0,1399.0,1394.0,1395.0,3003
2018-05-24,1397.0,1404.0,1397.0,1404.0,4555
2018-05-25,1402.0,1406.0,1401.0,1405.0,4635
2018-05-28,1405.0,1407.0,1401.0,1403.0,3547
2018-05-29,1404.0,1406.0,1399.0,1400.0,1097
2018-05-30,1401.0,1406.0,1401.0,1403.0,2331
2018-05-31,1405.0,1409.0,1404.0,1406.0,1806
2018-06-01,1408.0,1409.0,1401.0,1402.0,2240
2018-06-04,1408.0,1409.0,1403.0,1403.0,6011
2018-06-05,1405.0,1406.0,1403.0,1404.0,2929
2018-06-06,1405.0,1409.0,1404.0,1404.0,985
2018-06-07,1406.0,1408.0,1405.0,1407.0,3697
2018-06-08,1408.0,1408.0,1405.0,1406.0,1781
2018-06-09,1406.0,1408.0,1406.0,1406.0,1359
2018-06-11,1408.0,1409.0,1405.0,1408.0,203
2018-06-13,1406.0,1410.0,1405.0,1407.0,4319
2018-06-14,1407.0,1410.0,1407.0,1409.0,1678
2018-06-15,1409.0,1414.0,1405.0,1414.0,8070
2018-06-18,1411.0,1415.0,1406.0,1406.0,996
2018-06-19,1410.0,1411.0,1403.0,1403.0,1472
2018-06-20,1407.0,1410.0,1404.0,1405.0,4761
2018-06-21,1408.0,1411.0,1406.0,1406.0,438
2018-06-22,1408.0,1413.0,1407.0,1408.0,639
2018-06-25,1408.0,1411.0,1408.0,1409.0,2567
2018-06-26,1409.0,1413.0,1409.0,1409.0,1678
2018-06-27,1410.0,1410.0,1409.0,1409.0,10860
2018-06-28,1411.0,1415.0,1409.0,1415.0,2698
2018-06-29,1412.0,1420.0,1412.0,1420.0,4875
2018-07-02,1414.0,1420.0,1412.0,1417.0,1073
2018-07-03,1417.0,1419.0,1414.0,1416.0,1435
2018-07-04,1419.0,1428.0,1418.0,1423.0,862
2018-07-05,1428.0,1428.0,1417.0,1420.0,3795
2018-07-06,1421.0,1426.0,1419.0,1424.0,806
2018-07-09,1426.0,1431.0,1425.0,1426.0,1127
2018-07-10,1430.0,1432.0,1426.0,1426.0,762
2018-07-11,1428.0,1431.0,1426.0,1429.0,1235
2018-07-12,1428.0,1433.0,1427.0,1429.0,4259
2018-07-13,1430.0,1432.0,1427.0,1429.0,1506
2018-07-16,1429.0,1434.0,1429.0,1431.0,2065
2018-07-17,1430.0,1438.0,1426.0,1426.0,1823
2018-07-18,1429.0,1431.0,1424.0,1424.0,1089
2018-07-19,1427.0,1436.0,1426.0,1426.0,4724
2018-07-20,1427.0,1430.0,1426.0,1426.0,2778
2018-07-23,1431.0,1434.0,1427.0,1428.0,1155
2018-07-24,1432.0,1435.0,1426.0,1429.0,2158
2018-07-25,1427.0,1432.0,1426.0,1427.0,650
2018-07-26,1429.0,1432.0,1425.0,1425.0,726
2018-07-27,1426.0,1430.0,1425.0,1426.0,1162
2018-07-30,1428.0,1435.0,1428.0,1432.0,4583
2018-07-31,1434.0,1436.0,1429.0,1432.0,1653
2018-08-01,1435.0,1435.0,1428.0,1432.0,1045
2018-08-02,1433.0,1433.0,1427.0,1430.0,1769
2018-08-03,1431.0,1431.0,1422.0,1428.0,1554
2018-08-06,1427.0,1431.0,1422.0,1423.0,4415
2018-08-07,1424.0,1430.0,1423.0,1424.0,1661
2018-08-08,1425.0,1427.0,1411.0,1418.0,6359
2018-08-09,1414.0,1414.0,1390.0,1402.0,5249
2018-08-10,1396.0,1400.0,1392.0,1392.0,2763
2018-08-13,1392.0,1394.0,1383.0,1386.0,2013
2018-08-14,1394.0,1404.0,1388.0,1403.0,2511
2018-08-15,1403.0,1415.0,1390.0,1396.0,1974
2018-08-16,1397.0,1407.0,1387.0,1404.0,3071
2018-08-17,1407.0,1410.0,1398.0,1404.0,1660
2018-08-20,1405.0,1405.0,1395.0,1395.0,470
2018-08-21,1402.0,1406.0,1394.0,1398.0,941
2018-08-22,1399.0,1407.0,1397.0,1402.0,1923
2018-08-23,1407.0,1410.0,1398.0,1398.0,1279
2018-08-24,1405.0,1405.0,1399.0,1402.0,1070
2018-08-27,1402.0,1406.0,1399.0,1400.0,1771
2018-08-28,1405.0,1408.0,1401.0,1404.0,3075
2018-08-29,1403.0,1408.0,1400.0,1406.0,1839
2018-08-30,1406.0,1410.0,1404.0,1409.0,22702
2018-08-31,1410.0,1416.0,1410.0,1413.0,5252
2018-09-03,1416.0,1416.0,1410.0,1411.0,2710
2018-09-04,1411.0,1419.0,1409.0,1418.0,1751
2018-09-05,1415.0,1416.0,1406.0,1408.0,1164
2018-09-06,1413.0,1416.0,1405.0,1405.0,6678
2018-09-07,1406.0,1415.0,1404.0,1411.0,2013
2018-09-10,1409.0,1411.0,1403.0,1410.0,5897
2018-09-11,1405.0,1412.0,1402.0,1412.0,4638
2018-09-12,1410.0,1413.0,1405.0,1407.0,1809
2018-09-13,1406.0,1416.0,1402.0,1412.0,6560
2018-09-14,1412.0,1415.0,1409.0,1414.0,2457
2018-09-17,1414.0,1415.0,1410.0,1411.0,716
2018-09-18,1414.0,1415.0,1410.0,1414.0,2516
2018-09-19,1415.0,1416.0,1410.0,1412.0,1265
2018-09-20,1415.0,1422.0,1412.0,1413.0,1354
2018-09-21,1419.0,1422.0,1414.0,1416.0,1519
2018-09-24,1417.0,1426.0,1416.0,1426.0,2215
2018-09-25,1426.0,1429.0,1418.0,1426.0,2275
2018-09-26,1427.0,1428.0,1419.0,1426.0,6784
2018-09-27,1422.0,1427.0,1421.0,1424.0,1203
2018-09-28,1427.0,1430.0,1424.0,1429.0,2212
2018-10-01,1427.0,1431.0,1426.0,1430.0,973
2018-10-02,1431.0,1432.0,1427.0,1429.0,1928
2018-10-03,1430.0,1430.0,1426.0,1428.0,3236
2018-10-04,1426.0,1428.0,1425.0,1426.0,13306
2018-10-05,1427.0,1438.0,1426.0,1435.0,5697
2018-10-08,1428.0,1435.0,1426.0,1427.0,1256
2018-10-09,1426.0,1432.0,1425.0,1430.0,1544
2018-10-10,1431.0,1433.0,1425.0,1429.0,2546
2018-10-11,1426.0,1430.0,1417.0,1425.0,2082
2018-10-12,1420.0,1429.0,1418.0,1427.0,1071
2018-10-15,1427.0,1434.0,1424.0,1427.0,3345
2018-10-16,1429.0,1433.0,1427.0,1433.0,1590
2018-10-17,1432.0,1442.0,1432.0,1434.0,2241
2018-10-18,1436.0,1443.0,1433.0,1437.0,1073
2018-10-19,1439.0,1445.0,1436.0,1440.0,1923
2018-10-22,1434.0,1445.0,1434.0,1436.0,1437
2018-10-23,1440.0,1442.0,1436.0,1441.0,982
2018-10-24,1441.0,1445.0,1435.0,1437.0,1520
2018-10-25,1442.0,1442.0,1434.0,1439.0,1362
2018-10-26,1441.0,1441.0,1433.0,1436.0,1559
2018-10-29,1437.0,1441.0,1436.0,1438.0,1682
2018-10-30,1439.0,1444.0,1438.0,1441.0,1928
2018-10-31,1443.0,1448.0,1443.0,1448.0,1692
2018-11-01,1448.0,1449.0,1442.0,1445.0,1522
2018-11-02,1446.0,1449.0,1443.0,1445.0,1174
2018-11-06,1449.0,1449.0,1443.0,1445.0,787
2018-11-07,1448.0,1450.0,1447.0,1448.0,3028
2018-11-08,1449.0,1450.0,1402.0,1447.0,8261
2018-11-09,1448.0,1450.0,1445.0,1448.0,4986
2018-11-12,1449.0,1449.0,1444.0,1445.0,1626
2018-11-13,1447.0,1449.0,1444.0,1448.0,1309
2018-11-14,1448.0,1453.0,1445.0,1451.0,2011
2018-11-15,1452.0,1455.0,1448.0,1449.0,943
2018-11-16,1452.0,1455.0,1449.0,1453.0,1060
2018-11-19,1455.0,1460.0,1451.0,1452.0,2213
2018-11-20,1454.0,1462.0,1452.0,1462.0,3472
2018-11-21,1462.0,1462.0,1451.0,1462.0,1547
2018-11-22,1462.0,1463.0,1454.0,1460.0,3706
2018-11-23,1463.0,1464.0,1457.0,1464.0,1858
2018-11-26,1454.0,1464.0,1454.0,1461.0,4497
2018-11-27,1461.0,1463.0,1450.0,1456.0,4965
2018-11-28,1456.0,1461.0,1449.0,1455.0,1830
2018-11-29,1455.0,1463.0,1454.0,1461.0,1683
2018-11-30,1461.0,1464.0,1453.0,1453.0,5304
2018-12-03,1459.0,1460.0,1455.0,1459.0,2639
2018-12-04,1460.0,1464.0,1459.0,1464.0,3192
2018-12-05,1463.0,1464.0,1459.0,1463.0,1187
2018-12-06,1466.0,1466.0,1460.0,1463.0,3309
2018-12-07,1461.0,1466.0,1460.0,1463.0,1792
2018-12-10,1465.0,1470.0,1464.0,1464.0,1707
2018-12-11,1469.0,1473.0,1465.0,1473.0,1230
2018-12-12,1472.0,1475.0,1455.0,1455.0,4081
2018-12-13,1463.0,1465.0,1453.0,1455.0,1427
2018-12-14,1457.0,1461.0,1448.0,1458.0,1605
2018-12-17,1460.0,1469.0,1449.0,1458.0,1334
2018-12-18,1455.0,1463.0,1455.0,1455.0,1072
2018-12-19,1456.0,1464.0,1455.0,1456.0,1252
2018-12-20,1460.0,1463.0,1456.0,1463.0,2048
2018-12-21,1461.0,1465.0,1461.0,1465.0,2176
2018-12-24,1464.0,1468.0,1461.0,1463.0,7382
2018-12-25,1465.0,1465.0,1452.0,1457.0,2407
2018-12-26,1454.0,1463.0,1454.0,1459.0,2415
2018-12-27,1457.0,1463.0,1455.0,1460.0,3096
2018-12-28,1463.0,1463.0,1453.0,1461.0,3627
2018-12-29,1463.0,1464.0,1454.0,1460.0,2479
2019-01-03,1462.0,1464.0,1454.0,1459.0,1703
2019-01-04,1461.0,1462.0,1457.0,1457.0,1227
2019-01-08,1464.0,1465.0,1461.0,1463.0,1679
2019-01-09,1464.0,1470.0,1464.0,1467.0,1637
2019-01-10,1470.0,1480.0,1465.0,1473.0,19894
2019-01-11,1469.0,1475.0,1468.0,1470.0,16497
2019-01-14,1474.0,1477.0,1469.0,1470.0,5147
2019-01-15,1471.0,1477.0,1470.0,1474.0,1493
2019-01-16,1475.0,1477.0,1469.0,1470.0,1638
2019-01-17,1472.0,1483.0,1470.0,1478.0,3678
2019-01-18,1474.0,1483.0,1473.0,1477.0,1410
2019-01-21,1484.0,1487.0,1477.0,1480.0,1012
2019-01-22,1480.0,1487.0,1478.0,1487.0,3890
2019-01-23,1483.0,1489.0,1483.0,1486.0,1483
2019-01-24,1483.0,1486.0,1479.0,1480.0,1422
2019-01-25,1482.0,1484.0,1479.0,1483.0,614
2019-01-28,1480.0,1489.0,1480.0,1484.0,1225
2019-01-29,1486.0,1491.0,1480.0,1488.0,3166
2019-01-30,1490.0,1492.0,1485.0,1492.0,636
2019-01-31,1493.0,1493.0,1485.0,1492.0,1880
2019-02-01,1491.0,1494.0,1489.0,1489.0,2362
2019-02-04,1490.0,1494.0,1488.0,1493.0,2859
2019-02-05,1492.0,1493.0,1485.0,1491.0,4358
2019-02-06,1490.0,1492.0,1485.0,1491.0,1148
2019-02-07,1490.0,1496.0,1424.0,1492.0,8505
2019-02-08,1492.0,1492.0,1485.0,1488.0,749
2019-02-11,1488.0,1491.0,1481.0,1487.0,1819
2019-02-12,1488.0,1490.0,1485.0,1489.0,1498
2019-02-13,1491.0,1491.0,1487.0,1490.0,1071
2019-02-14,1487.0,1490.0,1482.0,1488.0,8426
2019-02-15,1485.0,1488.0,1482.0,1487.0,1763
2019-02-18,1488.0,1488.0,1483.0,1484.0,976
2019-02-19,1488.0,1490.0,1484.0,1485.0,1466
2019-02-20,1488.0,1491.0,1485.0,1490.0,1050
2019-02-21,1485.0,1490.0,1485.0,1486.0,3081
2019-02-22,1490.0,1491.0,1486.0,1490.0,2528
2019-02-25,1490.0,1491.0,1488.0,1491.0,2869
2019-02-26,1491.0,1492.0,1490.0,1492.0,2467
2019-02-27,1492.0,1496.0,1491.0,1492.0,1590
2019-02-28,1496.0,1499.0,1493.0,1496.0,1166
2019-03-01,1496.0,1498.0,1493.0,1494.0,1290
2019-03-04,1491.0,1500.0,1490.0,1499.0,1892
2019-03-05,1499.0,1500.0,1492.0,1493.0,978
2019-03-06,1497.0,1497.0,1493.0,1497.0,1457
2019-03-07,1497.0,1500.0,1497.0,1499.0,1911
2019-03-11,1500.0,1503.0,1497.0,1499.0,1219
2019-03-12,1502.0,1503.0,1499.0,1501.0,1125
2019-03-13,1500.0,1506.0,1500.0,1505.0,5659
2019-03-14,1506.0,1510.0,1501.0,1506.0,5919
2019-03-15,1506.0,1508.0,1503.0,1506.0,457
2019-03-18,1504.0,1510.0,1502.0,1502.0,5766
2019-03-19,1502.0,1510.0,1502.0,1505.0,1899
2019-03-20,1505.0,1510.0,1504.0,1504.0,918
2019-03-21,1508.0,1511.0,1507.0,1511.0,1976
2019-03-22,1509.0,1515.0,1509.0,1513.0,1897
2019-03-25,1514.0,1521.0,1512.0,1521.0,1173
2019-03-26,1516.0,1521.0,1516.0,1521.0,908
2019-03-27,1523.0,1526.0,1517.0,1525.0,1079
2019-03-28,1527.0,1528.0,1521.0,1526.0,2141
2019-03-29,1527.0,1527.0,1518.0,1522.0,1940
2019-04-01,1529.0,1546.0,1515.0,1526.0,1774
2019-04-02,1527.0,1528.0,1519.0,1525.0,1112
2019-04-03,1521.0,1528.0,1521.0,1525.0,1878
2019-04-04,1528.0,1528.0,1520.0,1526.0,1024
2019-04-05,1523.0,1528.0,1522.0,1527.0,892
2019-04-08,1527.0,1528.0,1523.0,1527.0,1755
2019-04-09,1526.0,1528.0,1523.0,1526.0,1117
2019-04-10,1527.0,1528.0,1522.0,1526.0,1450
2019-04-11,1527.0,1527.0,1521.0,1526.0,1868
2019-04-12,1526.0,1529.0,1522.0,1526.0,1455
2019-04-15,1529.0,1530.0,1524.0,1528.0,1358
2019-04-16,1525.0,1530.0,1524.0,1527.0,1353
2019-04-17,1525.0,1538.0,1525.0,1532.0,1306
2019-04-18,1542.0,1543.0,1529.0,1535.0,2182
2019-04-19,1535.0,1543.0,1535.0,1543.0,1359
2019-04-22,1548.0,1548.0,1535.0,1540.0,1575
2019-04-23,1543.0,1547.0,1538.0,1544.0,1373
2019-04-24,1543.0,1547.0,1543.0,1545.0,1868
2019-04-25,1543.0,1543.0,1535.0,1538.0,2039
2019-04-26,1543.0,1545.0,1536.0,1545.0,1565
2019-04-29,1540.0,1549.0,1539.0,1543.0,2024
2019-04-30,1542.0,1549.0,1542.0,1549.0,2741
2019-05-02,1550.0,1550.0,1546.0,1549.0,155
2019-05-03,1551.0,1553.0,1547.0,1550.0,1987
2019-05-06,1554.0,1554.0,1547.0,1550.0,2350
2019-05-07,1549.0,1557.0,1546.0,1550.0,3715
2019-05-08,1556.0,1556.0,1530.0,1549.0,5975
2019-05-10,1550.0,1551.0,1542.0,1542.0,1172
2019-05-13,1549.0,1550.0,1538.0,1548.0,2221
2019-05-14,1550.0,1550.0,1543.0,1550.0,1746
2019-05-15,1550.0,1552.0,1542.0,1549.0,2328
2019-05-16,1548.0,1550.0,1546.0,1550.0,1086
2019-05-17,1550.0,1556.0,1547.0,1555.0,6277
2019-05-20,1555.0,1564.0,1555.0,1560.0,1805
2019-05-21,1561.0,1569.0,1560.0,1566.0,3052
2019-05-22,1562.0,1570.0,1559.0,1568.0,3091
2019-05-23,1571.0,1575.0,1565.0,1566.0,3894
2019-05-24,1572.0,1572.0,1558.0,1569.0,3777
2019-05-27,1571.0,1571.0,1565.0,1571.0,1587
2019-05-28,1572.0,1575.0,1567.0,1567.0,1360
2019-05-29,1567.0,1575.0,1562.0,1571.0,2564
2019-05-30,1567.0,1571.0,1566.0,1571.0,1826
2019-05-31,1573.0,1575.0,1570.0,1571.0,4310
2019-06-03,1573.0,1577.0,1561.0,1573.0,4910
2019-06-04,1574.0,1574.0,1568.0,1571.0,1454
2019-06-05,1573.0,1579.0,1571.0,1576.0,2320
2019-06-06,1576.0,1579.0,1572.0,1579.0,2843
2019-06-07,1580.0,1580.0,1575.0,1579.0,2425
2019-06-10,1580.0,1582.0,1568.0,1580.0,5496
2019-06-11,1585.0,1585.0,1577.0,1582.0,3466
2019-06-13,1584.0,1596.0,1578.0,1585.0,2913
2019-06-14,1590.0,1590.0,1582.0,1585.0,2930
2019-06-17,1585.0,1591.0,1584.0,1588.0,3017
2019-06-18,1587.0,1590.0,1581.0,1588.0,2241
2019-06-19,1584.0,1590.0,1577.0,1589.0,1464
2019-06-20,1589.0,1595.0,1584.0,1594.0,2704
2019-06-21,1595.0,1600.0,1590.0,1592.0,3951
2019-06-24,1593.0,1594.0,1587.0,1593.0,2125
2019-06-25,1590.0,1594.0,1590.0,1593.0,3278
2019-06-26,1590.0,1596.0,1585.0,1585.0,3941
2019-06-27,1594.0,1597.0,1590.0,1597.0,1852
2019-06-28,1597.0,1599.0,1593.0,1598.0,3441
2019-07-01,1598.0,1601.0,1597.0,1599.0,8564
2019-07-02,1598.0,1616.0,1598.0,1600.0,6975
2019-07-03,1603.0,1603.0,1598.0,1601.0,2835
2019-07-04,1601.0,1604.0,1599.0,1602.0,3201
2019-07-05,1607.0,1607.0,1601.0,1603.0,4424
2019-07-08,1607.0,1608.0,1601.0,1602.0,3886
2019-07-09,1604.0,1604.0,1601.0,1603.0,3601
2019-07-10,1604.0,1608.0,1602.0,1604.0,4227
2019-07-11,1609.0,1616.0,1602.0,1608.0,3340
2019-07-12,1607.0,1608.0,1601.0,1605.0,3863
2019-07-15,1605.0,1611.0,1602.0,1606.0,3591
2019-07-16,1608.0,1614.0,1602.0,1605.0,4604
2019-07-17,1609.0,1609.0,1602.0,1609.0,1625
2019-07-18,1611.0,1616.0,1600.0,1611.0,4745
2019-07-19,1611.0,1616.0,1610.0,1613.0,3095
2019-07-22,1611.0,1621.0,1610.0,1617.0,4281
2019-07-23,1623.0,1626.0,1615.0,1618.0,3997
2019-07-24,1618.0,1625.0,1615.0,1617.0,5300
2019-07-25,1620.0,1626.0,1616.0,1621.0,3536
2019-07-26,1623.0,1626.0,1619.0,1622.0,3627
2019-07-29,1627.0,1627.0,1620.0,1622.0,2781
2019-07-30,1622.0,1625.0,1621.0,1621.0,3656
2019-07-31,1621.0,1627.0,1621.0,1626.0,8570
2019-08-01,1623.0,1631.0,1623.0,1627.0,6679
2019-08-02,1627.0,1633.0,1625.0,1627.0,9350
2019-08-05,1625.0,1635.0,1622.0,1625.0,5694
2019-08-06,1625.0,1634.0,1621.0,1629.0,8405
2019-08-07,1630.0,1631.0,1623.0,1630.0,2864
2019-08-08,1631.0,1634.0,1626.0,1631.0,5118
2019-08-09,1631.0,1650.0,1628.0,1630.0,5465
2019-08-12,1636.0,1637.0,1628.0,1633.0,5989
2019-08-13,1635.0,1636.0,1619.0,1633.0,8872
2019-08-14,1634.0,1637.0,1630.0,1634.0,7736
2019-08-15,1634.0,1635.0,1630.0,1633.0,5598
2019-08-16,1635.0,1635.0,1631.0,1631.0,4426
2019-08-19,1631.0,1635.0,1629.0,1634.0,5126
2019-08-20,1634.0,1635.0,1629.0,1634.0,9315
2019-08-21,1635.0,1635.0,1629.0,1635.0,4122
2019-08-22,1630.0,1637.0,1630.0,1635.0,3050
2019-08-23,1635.0,1639.0,1633.0,1638.0,2401
2019-08-26,1638.0,1641.0,1633.0,1638.0,4032
2019-08-27,1639.0,1644.0,1637.0,1640.0,5812
2019-08-28,1647.0,1647.0,1638.0,1641.0,4022
2019-08-29,1643.0,1643.0,1639.0,1641.0,4339
2019-08-30,1641.0,1647.0,1641.0,1643.0,8317
2019-09-02,1647.0,1649.0,1643.0,1647.0,9225
2019-09-03,1648.0,1650.0,1646.0,1649.0,7712
2019-09-04,1651.0,1651.0,1647.0,1651.0,14278
2019-09-05,1651.0,1657.0,1651.0,1654.0,8326
2019-09-06,1658.0,1658.0,1651.0,1654.0,9600
2019-09-09,1655.0,1660.0,1648.0,1654.0,10528
2019-09-10,1658.0,1659.0,1651.0,1653.0,9926
2019-09-11,1653.0,1654.0,1651.0,1653.0,7053
2019-09-12,1654.0,1655.0,1652.0,1654.0,7408
2019-09-13,1653.0,1655.0,1653.0,1654.0,4047
2019-09-16,1655.0,1655.0,1651.0,1653.0,10910
2019-09-17,1656.0,1656.0,1651.0,1653.0,3442
2019-09-18,1652.0,1654.0,1651.0,1653.0,3849
2019-09-19,1652.0,1654.0,1651.0,1653.0,2915
2019-09-20,1654.0,1654.0,1639.0,1647.0,7279
2019-09-23,1654.0,1654.0,1647.0,1652.0,2950
2019-09-24,1649.0,1654.0,1641.0,1647.0,7496
2019-09-25,1647.0,1650.0,1638.0,1645.0,5941
2019-09-26,1643.0,1652.0,1641.0,1642.0,7149
2019-09-27,1650.0,1651.0,1645.0,1649.0,2334
2019-09-30,1651.0,1653.0,1647.0,1650.0,2798
2019-10-01,1653.0,1655.0,1650.0,1655.0,5235
2019-10-02,1655.0,1657.0,1650.0,1652.0,4501
2019-10-03,1655.0,1655.0,1650.0,1652.0,2848
2019-10-04,1650.0,1656.0,1644.0,1656.0,5983
2019-10-07,1652.0,1656.0,1649.0,1655.0,3988
2019-10-08,1657.0,1657.0,1644.0,1651.0,4532
2019-10-09,1648.0,1655.0,1648.0,1654.0,2587
2019-10-10,1654.0,1656.0,1651.0,1655.0,3161
2019-10-11,1656.0,1657.0,1650.0,1653.0,3268
2019-10-14,1654.0,1654.0,1648.0,1650.0,3790
2019-10-15,1649.0,1652.0,1645.0,1646.0,3120
2019-10-16,1650.0,1652.0,1644.0,1648.0,7288
2019-10-17,1648.0,1654.0,1648.0,1649.0,3317
2019-10-18,1652.0,1652.0,1648.0,1651.0,2128
2019-10-21,1651.0,1652.0,1648.0,1651.0,3738
2019-10-22,1649.0,1651.0,1644.0,1649.0,4190
2019-10-23,1649.0,1650.0,1645.0,1650.0,3197
2019-10-24,1650.0,1650.0,1646.0,1649.0,2985
2019-10-25,1646.0,1655.0,1645.0,1655.0,5754
2019-10-28,1655.0,1656.0,1648.0,1652.0,4057
2019-10-29,1654.0,1654.0,1646.0,1646.0,4340
2019-10-30,1647.0,1655.0,1646.0,1652.0,6877
2019-10-31,1652.0,1654.0,1649.0,1652.0,4554
2019-11-01,1653.0,1653.0,1650.0,1652.0,4036
2019-11-05,1653.0,1654.0,1650.0,1654.0,5177
2019-11-06,1651.0,1655.0,1651.0,1652.0,5466
2019-11-07,1651.0,1655.0,1650.0,1655.0,8836
2019-11-08,1652.0,1655.0,1652.0,1655.0,2484
2019-11-11,1654.0,1656.0,1653.0,1656.0,3347
2019-11-12,1655.0,1662.0,1654.0,1662.0,3844
2019-11-13,1658.0,1669.0,1658.0,1669.0,3763
2019-11-14,1670.0,1672.0,1661.0,1672.0,4522
2019-11-15,1672.0,1674.0,1671.0,1674.0,3565
2019-11-18,1674.0,1677.0,1672.0,1676.0,3499
2019-11-19,1678.0,1682.0,1675.0,1678.0,7402
2019-11-20,1678.0,1679.0,1676.0,1679.0,5320
2019-11-21,1680.0,1682.0,1676.0,1681.0,7763
2019-11-22,1681.0,1682.0,1678.0,1681.0,4121
2019-11-25,1680.0,1682.0,1676.0,1677.0,5176
2019-11-26,1681.0,1682.0,1672.0,1679.0,4185
2019-11-27,1680.0,1683.0,1675.0,1681.0,3268
2019-11-28,1681.0,1684.0,1681.0,1684.0,4455
2019-11-29,1684.0,1685.0,1682.0,1683.0,14706
2019-12-02,1682.0,1687.0,1682.0,1686.0,5025
2019-12-03,1689.0,1689.0,1683.0,1685.0,7932
2019-12-04,1685.0,1690.0,1685.0,1688.0,5179
2019-12-05,1686.0,1690.0,1685.0,1688.0,5160
2019-12-06,1690.0,1690.0,1686.0,1688.0,6387
2019-12-09,1690.0,1690.0,1687.0,1689.0,5992
2019-12-10,1692.0,1692.0,1688.0,1690.0,6684
2019-12-11,1692.0,1693.0,1687.0,1693.0,7096
2019-12-12,1694.0,1696.0,1692.0,1694.0,7146
2019-12-13,1695.0,1699.0,1691.0,1694.0,13418
2019-12-16,1695.0,1697.0,1693.0,1695.0,6986
2019-12-17,1694.0,1696.0,1691.0,1695.0,5472
2019-12-18,1698.0,1698.0,1691.0,1694.0,4002
2019-12-19,1692.0,1695.0,1690.0,1694.0,5700
2019-12-20,1697.0,1697.0,1692.0,1692.0,4305
2019-12-23,1698.0,1698.0,1689.0,1695.0,7926
2019-12-24,1696.0,1696.0,1691.0,1695.0,6245
2019-12-25,1695.0,1698.0,1693.0,1698.0,9056
2019-12-26,1698.0,1699.0,1696.0,1698.0,13799
2019-12-27,1696.0,1704.0,1696.0,1702.0,9921
2019-12-30,1705.0,1717.0,1700.0,1705.0,20132
2020-01-03,1710.0,1774.0,1703.0,1705.0,12011
2020-01-06,1706.0,1709.0,1705.0,1707.0,7711
2020-01-08,1737.0,1737.0,1703.0,1710.0,7424
2020-01-09,1709.0,1716.0,1706.0,1708.0,14776
2020-01-10,1711.0,1711.0,1707.0,1709.0,8241
2020-01-13,1712.0,1712.0,1708.0,1711.0,8776
2020-01-14,1710.0,1713.0,1709.0,1711.0,14091
2020-01-15,1712.0,1713.0,1710.0,1712.0,8788
2020-01-16,1711.0,1714.0,1710.0,1713.0,9199
2020-01-17,1714.0,1714.0,1710.0,1711.0,14716
2020-01-20,1711.0,1713.0,1708.0,1711.0,9831
2020-01-21,1712.0,1714.0,1708.0,1712.0,6720
2020-01-22,1714.0,1714.0,1711.0,1712.0,10220
2020-01-23,1713.0,1715.0,1712.0,1714.0,10675
2020-01-24,1714.0,1714.0,1710.0,1712.0,8196
2020-01-27,1712.0,1713.0,1694.0,1701.0,29174
2020-01-28,1710.0,1710.0,1695.0,1704.0,15817
2020-01-29,1707.0,1708.0,1697.0,1704.0,7867
2020-01-30,1706.0,1711.0,1700.0,1711.0,7115
2020-01-31,1711.0,1714.0,1699.0,1714.0,23417
2020-02-03,1714.0,1714.0,1704.0,1709.0,7221
2020-02-04,1708.0,1712.0,1706.0,1706.0,3247
2020-02-05,1706.0,1711.0,1700.0,1710.0,6697
2020-02-06,1708.0,1712.0,1707.0,1711.0,3228
